PC1,PC2
1019.4366597768951,-209.9498561176444
-4071.0936080538822,-644.4199667115488
68.63600056152339,425.58316802527924
-428.47245173451563,-137.08499265168635
250.57786830694954,-50.244651282799715
555.952110005703,355.0830847761002
-338.3813461149002,-130.85252954683702
-602.9457280280917,-180.78304015944397
16.046803603090307,83.51372596937254
-266.96558896582707,184.6966032082073
989.3866477166046,35.6346422610875
196.10629466621276,218.00684807387358
-645.0073453420068,374.72973580957824
474.60867234337627,-5.65747253690621
-18.517321279655476,-61.757227202971606
-1033.8031076528132,64.11632270949502
2087.208292753462,-296.5879307835266
-328.6791784412327,-29.22904397969178
-111.84143216618234,37.55634531631874
2679.902920795791,-299.15038567318027
-1711.1581323510648,67.08774811769072
-686.7247936865599,-123.14813337520611
-994.1875181881654,139.7359646398836
-675.5004363075199,-111.18909129088846
410.32165372358287,66.97901633915451
575.919228830375,193.42892656239707
-1269.674950887587,126.34872572526724
129.78476642415936,59.89294130108667
-432.01049822392355,270.68706512110344
127.30553910123109,190.81629606531024
1288.817335772706,-178.24952889650527
-40.97147413473763,-133.44172896424183
-436.99117514475734,540.7673631066549
651.874762006714,-19.82599257840098
2621.8801318429432,-284.8523490433802
-2634.7033827634764,-295.98826762355736
481.83156046974324,-138.39582350844725
-521.4580006081416,-136.57186545559009
-283.3521653571032,125.73408626826611
-83.52449566930503,626.9274655720781
-817.0384743106385,216.83320359445088
2086.135321816519,-356.7543723486366
-1303.3372651674126,-157.1718755988141
508.4508428112225,-296.3374461183565
-2639.362803673498,-547.096893604832
-613.4861849006371,341.15538556914385
1023.1204489036377,-157.3210599186877
-451.6301514758646,-63.10626905923988
48.561735267716884,540.8672317241098
-221.55744402711895,344.78093867506726
-315.6378694876638,-22.20416010558409
68.0559137568374,258.8486849093583
332.50365259943317,-94.03055936258379
588.2220055723923,-108.78808210746071
149.2141719765159,-96.10778309603445
3176.270755057575,-247.96882333015296
-310.51788372835335,152.6146541962042
-815.4210955030235,-134.7456914945902
-2622.4840475720634,-282.8827045332775
-642.4133188103999,605.3121081095006
-3446.520010452663,-612.3541631727164
1862.9307954971537,-299.3506964966997
2082.562759979163,-331.21290924964745
-3141.230991191335,-478.18727465229307
-198.5566023014053,108.9713891605634
1726.760260705582,-262.10290685637653
1872.9276954475256,-312.4000851633368
16.868612827185416,132.45151851206063
-3682.4160673636825,-678.8864882543983
-223.77497299368383,135.6474535649372
194.10339613722056,168.9582223729559
993.003037866748,-113.15683334228265
-219.7926179929723,-16.973135428325612
848.6410547148791,27.466205601442663
1391.6949954559543,-230.99247837922664
-142.9999485595931,106.68864366274846
2668.5817447785003,-243.4632628222082
227.069913147879,-115.30899459371567
373.1875085338023,90.65800860508982
869.1805672604987,-250.90356989266843
1573.0420666416328,-103.29686860144653
-1333.1271202311852,-227.36161927097058
-187.19222521848423,213.79866156843852
-3385.814449841721,-538.4894578225478
15.884836785284708,42.285825131128334
-317.48111913613366,-238.1942564763657
51.91777980321893,41.28699179903656
-1046.594631456469,-122.01761174922851
846.734737777725,118.93668341051685
89.83312029460157,115.84618988126925
-693.8350423104025,108.32586971304896
1213.015800608277,-294.5242509451717
-207.95970808591514,486.0516283897453
1040.656303529938,-216.045754731884
-948.3675528869004,101.58136803129575
-573.2924388301873,-188.36901625590593
877.6147121188942,180.30674024369623
758.636767472549,-197.60543163994402
839.8847775928907,-115.90233823481198
-1513.7181077773516,43.78973514316444
809.8576527418852,143.05398011730654
-304.05491253576406,282.3465680268839
2170.9133280362907,-346.7661609334409
422.9390390443803,-29.930225645153484
1316.593695413514,88.99068776701048
-524.0135601280724,92.45519331618229
-359.5049787484408,118.11292534360352
-4586.072854108652,-702.5240486003609
384.0403211630546,368.5012547220853
469.46560789357784,444.50039520119645
-265.69267363964724,-22.1271619411356
1446.9635684943103,-248.6640071016735
2512.2200946582543,-288.5188243091211
782.6439691810787,-188.98373612811127
241.96601031148052,363.1050386784139
-1017.2741011214038,125.58892451236585
-177.31062357545264,18.803328519107957
2460.204945390077,-325.23136795598396
93.09856547879677,268.98399117652605
-754.1421954895271,183.20462791295515
-637.7457407734427,-127.59147452928917
-17.00907864318311,-40.527791384108205
-17.53481680351566,-48.50268933209126
-58.72914439471936,417.6235377929423
1063.75460723249,-271.59210748185046
-588.6223996523433,215.87377979244474
1052.8888584428996,-147.73623069911892
-269.2992274946923,453.1042079536934
-779.8536981738191,378.58491220799857
272.54569572278666,388.52075525757476
-323.41459686903625,-71.35223249388079
-923.8608526689293,216.16850083858338
-23.24004975378458,-155.341378716553
-512.4199453341946,307.8337930810584
-501.63483698812485,306.89270377571717
1125.0754515592182,-181.41694127977155
2388.818126183426,-348.29597432158255
793.1216307533281,-243.6345082779188
-885.4161420835834,106.35759204703469
2251.009606961687,-154.49238999568263
2494.894204452373,-362.45370608366335
-1187.0330456844843,6.300957551434193
-854.1097433206088,139.8767256308969
-2993.791320530016,-404.99097645718575
224.57084799396395,131.8457809433215
1921.7211422439477,-148.5710419994008
-56.85291407368068,-186.0876508223878
453.94046833207244,156.11424244000327
-317.2664246773527,362.8824414065376
-624.4737181261108,10.784765211469018
268.0021057337155,-7.9171920015376465
1510.4564540881358,-128.40975991139487
-3464.0483288078913,-608.8208086011709
982.9335788159575,-178.44552354278406
-356.87616465896093,-224.186898624804
-138.51272738190318,54.54378131541919
568.5528667499447,97.88324212852372
39.77612881223974,201.78410325146822
11.727533954457062,472.5936466123025
-3619.0150256483485,-565.2876928132141
1663.1288310778289,-158.40530337483304
497.3318845977986,-61.619755130141556
1745.5077407806318,-249.8111654225532
916.4336036211905,38.91972488565338
1620.7570417293384,-339.55669697965425
-110.9470048513629,27.882657807914857
-531.3294189701949,62.502033527784484
-203.7074504281425,86.53083029351261
508.81177105502496,161.54384764978013
-120.67467333830211,9.801782967493478
1097.9935651968246,67.12534441597968
-779.7431135327217,407.72894693977094
136.7097879361234,181.25755948748431
-217.32920572723285,-132.29452677163937
2005.9822769736754,-329.73786230610705
1809.621789322545,-108.46960806503675
-408.69845760503875,-63.18374947900188
318.4475507785625,163.16352702822437
-1375.940710442934,230.42751342134255
495.2308455397867,451.2610656931638
-1336.262128632397,57.425607907474955
-462.03150892727257,179.84834644436165
-264.9673642876348,448.42151684579034
1566.1514058829446,-394.7354808676138
-264.7700115964611,37.76748592595141
-922.0850861104817,262.02769597540737
2235.5313057610483,-216.96966707795283
1708.275995583337,-142.38752748512854
-17.789148902253753,-77.68296764303683
1073.482694272819,-169.918497328673
422.0769898813809,135.05242996184248
2485.031041641909,-281.71359744825065
-174.24050964404398,202.55390941330805
-471.29938943955426,798.0727556733575
1014.0536840445715,491.9264130517874
-114.54898156249463,-30.590016246425588
56.2219512780066,231.82482962179017
-409.83058785030215,-184.49971717910648
2204.2616372620864,-212.82828693301207
-1081.2966177312194,140.63291899809656
-1341.751064726433,51.67494655462229
-541.4477862778426,-145.4693009399255
-503.8892787418315,-4.574677875237342
535.8298849106242,-202.9363612373928
3138.3386117471537,-216.38280079823892
-935.7626048594891,-97.82708402448728
-387.0948051393771,-21.276909060206247
76.12649222791464,-122.6076870612079
-24.99336387240721,220.6957496866324
-117.90578711182866,314.2706103620661
-828.7622274957968,-123.83569669420267
-449.18668686107327,329.40354579433165
-743.1662988175393,-34.42735887626518
-210.90076055218748,129.096809200745
-706.7127648866147,-185.64379090596552
-276.70448210870643,203.30397280732066
-970.4715296659251,17.74291445739452
1916.7788703650306,-374.9335558292006
-347.7487083963705,255.45904965275565
-464.1994200812908,-219.0982449789845
-211.50977594954244,533.3298308961855
-824.4093815498309,161.36421582207083
-609.807102216174,-180.2534851555487
-275.1602648019031,-243.36842576376353
128.18092040577162,559.1256609994646
1969.4174918833723,-53.609765020593755
-2757.46602359818,-333.78806297403145
-567.4042219160985,-5.989081468290612
1909.5716895696607,-203.05574607983482
-1127.1417775014975,-192.86471984798894
-591.0436471314898,-138.1499485151509
-669.7482168149561,274.95982172781055
-73.4624040023499,159.5425242478887
139.5438628091543,405.6963300942001
2071.649861273095,-347.1294361620758
-64.15764679679488,-49.880475139377964
2080.3692059775744,-372.4557687154286
-3360.0552402918224,-521.1020230455052
-725.4226385404049,378.9572264203847
-3322.8926527063045,-522.0272732331555
49.60821589094281,488.4427749597412
-2626.999869279176,-285.7693545473532
554.9612876758788,595.8800083232425
179.5788403252526,-137.77384581081037
95.72842135779594,341.0297353101931
-1260.9421622429431,-79.63964378505722
-392.0262675166448,266.2529688087144
-564.607626773708,28.89476746980077
2261.793363102141,-368.99482783678843
-589.4402194506847,441.99614824194356
99.49034914516048,142.63913372791404
1567.8886671548937,-215.14997895103005
130.8813209595806,401.9358516992204
555.0842531640321,297.1907327736956
243.11895930318266,190.95039939136421
-1342.0238960379793,78.8854932900581
-379.6207951342802,392.2587081877339
1848.269953340368,-241.78973952269612
-3141.963591780458,-584.2467890831128
535.0710167387682,-78.641542031487
-371.18446081411963,385.6725378953725
1324.6095542107116,-199.71499816081933
752.5561450445572,149.50290209888598
1815.9691848523205,-149.7400438655872
69.45798783494982,472.2640161047434
1082.1841147781695,42.27471276817427
-104.71785136037464,470.82591003461835
1847.5703269493215,-327.08012918625457
-10.428996402700957,-77.48284798411987
-664.4271422622973,436.29977362390457
2289.7723272544085,-154.97621226387363
-1128.4663055050855,-303.3381040479655
-663.4541744631207,64.30087887348192
127.41988124242377,34.03637159265923
-544.1161598828171,-128.6140205155321
319.0321971949469,-84.2766764919135
877.1851908409127,233.1845711962056
-92.74181111801565,416.6844170417875
302.5879455702722,-112.85797810960109
279.66466621874474,412.0759554454256
-472.418653534523,160.57046313217108
2319.5916455679117,-173.08043330982707
776.2572553428543,-73.84041985627313
-2631.235659457636,-290.9159196533512
1782.2975422778272,-353.7995165253554
-175.73613852459627,40.36501111810729
-115.59065792922404,-117.48491877702074
17.835219287200886,452.6595761465173
322.7769640390717,-102.35768581533829
-80.52529254849989,598.2142000443214
-1380.6691614037422,-84.57140404672019
-2904.5583552297035,-400.1446109798243
845.2582963161055,28.707435047495238
-629.1324067950912,41.621777308705134
-2227.8917811715055,-85.93254517531575
-121.8802070505874,-47.99418030776192
1500.5322369579173,-289.38745573289856
79.98628005321167,-208.9701681380725
1877.0252593981004,-360.49987824856265
1206.0026140679,51.0241317372065
-14.92413588331159,-52.86423226068761
-865.9905397072201,223.09167791581342
115.89724054032222,538.8978558638369
-1628.337021516987,-46.96373782239945
-2918.85543453508,-390.04183714157705
-290.42560411142983,389.6387624087049
-709.7675074934855,141.57533467960204
-552.1206717882277,-45.00378636492951
472.7060427839438,209.18935692180978
-236.13039857078078,-76.48086318470226
-571.8293977804216,-240.2814487622071
4.385593323447885,161.42906570921454
-86.812076414635,189.15529625560026
249.5412086862859,229.99363875347402
1501.4066345748533,-258.1954045583678
51.84535643177186,348.56317996645214
157.2598291842508,-11.507767956474629
-121.21844349599925,158.6708762865338
-821.4219088378757,133.2778739472733
-1484.5965310507167,-59.32436310538992
-185.4896266607585,237.5497903126063
998.8305880267069,-124.94632725712314
1734.3965985524521,-346.58284072224416
594.9174405296891,168.40514224851592
1139.6005096077376,-99.22840769937369
-500.9989615880676,-141.1097521387701
906.8459592546202,-60.551301394399616
-805.6474016496998,457.8670133831658
1098.9226038971412,119.36227816886529
-397.25733844752665,363.8620351547316
-1004.8612573281683,110.09105441632028
96.9377278702547,141.44006425315425
-488.46542296017736,425.73261776216987
-157.70216510552865,278.55737030418544
-535.6188882695986,239.54594527592474
74.69846515029217,109.10300298311685
-779.2565666630775,-74.6787868999194
-515.3841260977123,203.00092308607447
2511.21275357025,-233.8462041570728
35.0909867542556,-122.41772056554139
490.7278676231803,171.6366607144158
259.7109750728402,57.63953941418965
1739.224659413086,-153.8740618818061
753.8240487822311,-34.046671427398564
-1802.6437831947787,-136.11044264946136
-2718.7718969501493,-322.55212567246434
776.0383501538566,278.675298447154
-390.9716559443973,-103.73296774522981
-1134.749964915363,-239.06360276013652
2009.6455875463553,-339.5570144337788
1189.7594441708973,198.78978703365195
-2804.1788931848987,-400.02543368645075
1091.4081413410959,-12.894028375188283
-775.325749470803,446.51654183577006
1098.367037858224,-266.8469613261937
-347.55421463676436,-75.43695076598586
-3257.203231664232,-483.4191986887672
1650.1374178232331,-225.0785020919159
3125.476441658252,-193.9521469250439
791.7757459672575,-136.55972843578667
1180.7800288025364,-75.57316542875616
-384.0280684179609,38.25100295086414
410.280837863547,-167.21280703935486
-88.3053866199633,-169.53559175474567
590.3747308631947,-167.93292160376566
345.67092668724797,194.39988371899332
36.86235157196891,93.92181704236314
21.39689597895522,159.2533629885179
503.29758260792437,-14.708557522016838
-1018.3924376044355,286.4936956601099
1475.998549833858,-215.6396419108921
704.9175002420463,-48.50768735795919
177.30241399418793,274.3764874350169
1104.0565518309756,45.11331597448757
245.09863250957156,325.5428425851606
-546.596115810368,232.11608089879593
973.9700941620955,-185.82337542070937
2851.9923056982284,-260.3168314601115
-3448.9951097698627,-534.0949261727611
188.46803849915318,-78.45934330050171
2464.862678895891,-361.6910756764283
170.65090786477273,28.496537966790257
789.1684605788938,239.0607176479347
-120.68598794412603,185.2929734054779
-704.1486942799827,408.39002279374597
91.10621062043515,57.50715660629093
-3226.4976494300913,-471.68780404065217
-1276.9052395284832,-158.44835696795965
508.49184675313825,417.89868167882804
655.2866756201798,231.8764622574409
-99.20905908563583,40.72018051279109
1977.5682000771133,-307.21820401775693
-62.1475184790578,-142.37877234682816
2172.2250418181943,-219.09580024360594
3.2966229049366107,456.55515041698135
248.69790798495694,-136.64759790383
299.15173050308374,113.43496866943079
-541.0161096805789,-136.84736519582125
199.39199846708775,69.34331548427173
813.8923374552631,314.2330822226777
-840.6596059298422,75.8603196689492
-292.84236750658124,-18.34468082281694
2403.4124241753875,-359.3229987381855
-595.016876554774,-189.49755187010103
-431.064194055964,-159.05073870185203
-713.7481932403036,429.96535627264063
-84.92280701754764,87.20296586198674
-1062.4062726915872,-84.84059296435203
120.67535827160467,-199.96900542458047
1301.9246295062358,-177.59280693714877
-587.29518882178,64.9788316051621
-1006.8747266213784,515.6537205421657
-1058.1849163230304,-121.6448069079824
-595.6435804419854,-16.844254964697654
-679.1537071946409,-86.89509255019082
74.22036134743385,-112.86721744646438
358.0357611919607,363.75732698133623
-693.3255018167408,587.9472199824307
63.80186415226994,413.80110185588137
-864.3346551511551,-46.12960515766172
-2562.0196491527217,-402.5405650514235
-532.9640133775348,-149.295715160026
466.33558738395357,386.33351564129623
-1291.3354631247469,-190.04154387387936
2546.2135134130463,-25.24413861493315
48.04950499530315,324.60641800419484
2417.1978689494204,-285.7102306743628
715.1688872175665,-1.5279648038049436
-1015.4907745327599,180.5120928824279
61.92274434066831,2.5770893194639255
-583.9149669550828,560.9923800343598
-619.749659897748,-100.4898838143887
643.8986405144658,-108.73720769846109
-1262.4908778921506,-223.97904154165715
314.7176364439681,211.44135340720536
106.39149205980956,-204.80009545212138
-556.2494193995263,-78.32410895046547
-232.52969337315116,78.6445023022772
2560.2597667783994,-282.3815114156533
-938.4530528150842,-59.381687020348515
-4059.3557175549954,-618.4934021515113
-990.2153190321145,-125.52523111733898
-946.9730662810887,149.93264156317036
-1303.098425359107,-210.8304016028374
1060.5139824946418,163.40472597536564
-584.5716520030899,-138.84902706746755
47.50861299137098,506.4249943008541
-908.716498745227,-226.4041282089732
-727.3876119998173,241.06897905498536
-577.7429765700357,23.97330345222493
313.0768442523533,112.55130789366743
-2721.0807491503233,-342.16743555272166
-704.1104339872974,537.7707112674332
-3198.798952919992,-718.5635481554492
2664.992387646111,-343.8312926620044
-186.6389610679302,467.283031229651
-128.30071815847631,274.70923163138974
965.3271965918763,118.28565039652679
-116.61676549469574,293.3336758437389
228.8438292394174,251.4990596408511
94.04111087039632,320.6887598099417
-1197.1687818970008,-118.77762726102645
442.04776225845586,-128.6510531827984
2015.0750034677803,-312.92112515912305
199.74123900302772,56.27096750624072
105.47971163474543,117.68563750559576
-37.29238216059928,229.84976277632015
1569.4375735249575,-249.6658281029822
-93.60459974526594,52.114953796222935
1036.437762661791,-24.212385486113792
1903.123486359221,-349.84976747596806
1782.817768523466,-393.7729928673191
-1757.006068760829,65.03455004566776
1477.5498326938323,-89.82272897345028
1913.0390535779272,-321.8734396760254
265.64015262841434,322.74107658261863
-242.83583189085329,186.07641761684178
-730.1927032637922,295.15349167540995
1843.0377843202161,-326.57275497796275
-429.38017197522885,328.5012111429909
-477.93565962396576,49.48769973671016
-951.6647786745427,274.630157162263
462.53024794394696,28.830282202666453
840.0003883966493,330.3038739199218
-387.036529472297,-25.021513195624507
-936.4508149416371,-154.99974544556204
-563.9002149316656,-57.261727989340336
973.9973723568705,95.36637414438167
-3306.7856146258596,-526.6404072973013
1226.1398617826883,-238.67463994519107
378.1858304756847,150.04853381919028
110.01203097507666,395.73636420501674
1624.1628137805621,-91.59541651238993
931.8883531337458,171.4458016407306
2677.259152690569,-238.89886985376097
31.882964538734782,102.15829427349352
1507.8812172678117,-266.8104562826161
387.83762925613826,226.50358277576063
-968.7525631644344,-116.9105269854863
528.565480909128,-158.0463997343391
-816.7664418767273,618.5050423010257
1028.889177413856,-51.73584188292747
-3105.8253256870285,-405.07198075289386
-114.04469156854165,346.8532225341232
366.4183483372054,-95.98705171358013
-1072.9517165888255,320.13910400550867
291.410459165844,175.49124013315233
300.10196162744757,279.7399224022171
437.4510635787729,-7.058466210364982
-421.5376196800743,300.4003183309944
-1644.7655320641707,-96.62920991343516
-396.5287084425729,379.5190048069977
-2822.2736708226876,-578.4602352829216
-2763.2209166524685,-330.9047529109156
-521.2851232291939,-81.15825733979389
1771.6067488273054,-305.16430401005294
2322.7159952482434,-260.19137943342656
-1011.3789409982282,100.0626902235748
-3406.6962424660687,-524.534611568876
-1120.4357460335473,37.873141452247765
-405.6027243205524,-145.50967057716903
-261.28593223069834,294.0694987327552
-495.6661892646006,-184.01080377554229
340.09831150267155,366.282801920061
-511.1655366137887,284.88119773741886
1816.8570498140273,-262.66580352785365
203.79468195040587,186.98140684269706
577.1191653088073,382.51091692071964
-657.1360631436978,500.5758048938138
-283.26429777965757,581.6887375628331
-662.766933061312,-161.6373954247601
-183.55839897053426,227.8376011964095
2332.308239244358,-134.90538916071262
-1009.2636556317892,-162.40467584523114
-303.10416991171,-196.59461690494106
-3516.1010758406564,-436.73947043310795
-434.1809886759017,443.2111312380421
-1102.6507655321689,-155.2967014755678
251.72585256039363,-143.47408450024022
-423.933867026324,-280.49334059871984
-217.6669040233899,516.5830644906121
382.1347171992018,436.8641033857615
-1771.14744365348,3.5904134751264776
-1474.4648972473701,-183.64497852742664
-11.11606719712383,195.172105453207
159.11218104101246,-121.0406650529365
-297.81570044821683,213.16839812135697
336.3995944149665,319.72466538761034
-799.4841622346191,64.37317545449709
-1316.4303461603672,163.33009249845867
-1519.457334778038,-213.99034442963315
-222.7480796218263,-88.69316624568165
-299.44617156182034,-128.3390875204965
-1069.18243695308,125.05919587966245
-1617.9727444219673,-119.73556805314675
-484.77793030259676,94.52149265912743
77.77786077479325,323.35597955334055
-894.6236500319558,25.175210591331005
887.3841564161338,-249.3130857190017
183.75750217029506,-16.22593843114587
-909.7547813544454,105.20907319173163
3154.5273170307296,-252.285787064998
-1215.0778902759694,-69.54954614820274
1309.4122727656822,113.57864830876333
2579.8205765690086,-317.97406000956846
678.7582375419893,329.00648188403915
144.70431006666738,-136.1539179965683
2436.516793928037,-314.14881346276474
-1079.8841893674994,332.58727709903474
400.88870341149686,205.85551873828004
1308.2183992486814,-199.11356426647563
-398.7989906736554,380.50921766985635
1073.0090946619666,-97.22808557471133
-830.9284865596986,-189.34352063261832
-857.4930528580807,41.87132019074938
-52.89207390355618,149.20938269570553
-815.132005556397,27.948360155220957
-392.42421286078616,248.37883865303039
-84.97205147329852,-164.60390262562024
2134.6861065401195,-228.7050694679179
-1088.4325324516956,22.368897093121046
-734.990493429908,-117.59556269260017
-1163.9141542222194,-91.31134826649595
1263.874790649206,-228.6159309731596
-1150.3530000725307,202.35894177209207
-883.5572814944903,-165.64912214060814
1327.6628280439238,-253.02253577252122
-566.1764117173542,-72.17287782062058
501.2612279440935,-116.54711251259879
-3104.779973622559,-485.30291786128953
-0.26448579062866856,247.58438965770873
-381.06350912668825,579.0222867630794
2006.5470414165763,-315.56591895461736
2474.941583104861,-229.49277825136815
-3741.4249277054096,-739.4179410480702
-1306.8022764615034,-199.41716997350954
-219.42387511203415,-14.105985383193032
1050.19427409872,178.68739928086367
-2649.934474302491,-310.8597351325535
-26.95536474339457,100.43034597685079
-698.0303314424383,-127.77837616163146
5.013083635097316,93.76504026869196
-3520.9809682066257,-619.2176115586943
-1272.2058606807418,-136.39714188884147
-150.89059637976516,255.98962861179194
-1136.4632092626905,-290.1653148613892
864.0728049653432,209.74465813920105
-1569.055062989276,-15.845630013590542
-523.5287039875377,-119.18694542834466
2883.5372736698932,-233.46657898964787
-631.7975423439093,164.17717632110845
2254.9827962079225,-284.5937537656184
1250.0154627620461,-63.90897440548328
1208.0693367495555,-323.15252586243463
-766.9707673989076,126.7998657841167
2429.337027790436,-344.5152259465607
201.59194112866064,-32.0537013029861
-3866.922023512101,-650.7126406398318
-794.5729995522181,175.25359118697256
1750.1845241517092,-264.9117878206135
-517.1188580235361,152.27877382602065
3127.0395470376975,-193.98877389110274
103.77153250759011,587.5532043424458
-982.634991580934,-122.65043409881665
-1439.9637235785008,-180.62850593700958
2593.2878137763664,-212.4855346970154
1510.8610052178847,-63.63105906051798
208.46484999180223,402.48787618370034
-282.8018986837093,282.81952973381686
1190.5513135609874,35.199149277137415
-125.10810739352887,-1.3985601037187885
1697.6976207510281,-204.4635285510168
1039.0850855594936,-148.83956580140804
101.11316377340293,446.5316514709038
549.8896111951332,646.9683073371275
-1540.069912092195,10.162367417067994
-308.4997625144634,346.091732286225
-841.6376687186699,33.8353965026142
-592.1958875954615,29.74488036644175
-101.68306504337112,-182.3371001362937
-1642.0630992911288,-146.1626690256888
823.8117076218849,-66.58557262624456
-586.7834565976561,-222.92580940058664
369.862176545249,19.414413552455613
-52.680065001920376,520.6873228116264
-344.60062003937605,-111.85536692990078
-597.6507398092086,253.69208553615243
604.4153253895673,38.39385168190582
153.0128281789628,-142.39949785870047
-1373.4096984356115,-280.8787171405128
-936.8047845148723,56.408291902949834
-633.3365690024383,528.1447479697648
-177.56697643278736,294.016541948092
222.61133524514898,-14.862727489944074
-3448.085738310428,-564.03168159929
-794.0060257906973,-142.7714750180517
4.155328045480288,156.33251782762665
1449.3699310774896,-144.61464304054368
-482.2878384265303,280.4205234389161
-776.2080401058279,67.98522632170034
614.669921064416,-142.82807757913005
602.5681251901033,246.44441343208018
-2739.064955867741,-342.0095913467549
-67.11041715419219,-177.08938772622432
-3319.988655578613,-527.1045802959928
2329.729071418016,-139.8572585483609
3463.5942771721466,-1.469472844718253
-989.2813782231716,70.11507034977332
-37.84174948406454,112.67133512460322
1650.2926868407114,129.3651923789743
1418.6305508635487,-52.61790494386335
-432.23698548812797,451.854639062201
-488.2870302774321,152.06483835395895
385.4938287869196,167.89040374228912
428.36340092458687,131.46337050184664
476.32924094401494,-163.96676496884479
-319.8423743837769,-223.62886887455983
-474.0666869844024,-88.08767939090511
-852.1553376690624,-37.5049722107775
-573.6980754513966,133.27045622885188
-1225.7471676767263,-26.724572972444808
-122.75905158519463,65.42821086334766
-1134.5679912932355,25.278450894522198
-841.1016649263573,-138.25698792450848
2444.6011127798897,-343.80741990156724
1893.4474034172938,-351.55317854818713
106.59750340698474,360.3323872283523
-112.31673910395352,381.5348763694319
18.136985586922574,209.62745176829634
-255.94677922261423,229.1117590570092
2236.7048196428923,-359.07301123945365
-1459.7098061874317,404.1982391655016
291.0942075065137,154.93405790507987
-198.5110757409491,-92.79775493161837
-3119.8216722955203,-749.4455864660832
410.4010770481488,-20.732208763363413
736.3931330129878,350.4491165389637
434.3092062266243,278.47757090459334
-1059.96270287101,399.6828027213354
1914.6067511100525,-395.0551083351699
3440.4486567608014,-84.7699012108525
1495.3025396001694,-143.7543999879567
-1460.621563296459,11.042846867620439
-1019.9907586299606,77.12503469764258
-1276.2216915222295,41.59426117651996
146.2183387559035,-50.78836270937152
-716.2345528316171,-125.59743073803034
-1270.2419236750184,-105.55369128533093
3114.7786573722688,-193.38386430986372
-609.6126016428437,-142.32046004723304
-167.90442046755027,609.9579616941841
-2526.9107447688066,-349.23486328254
-669.3016456956619,116.88285350862552
1435.686053355951,-78.08463401815989
-109.12342719039782,407.4354235046281
-812.613912813364,-221.53744478002076
3133.6490214707787,-198.35794487723447
1804.76539636732,-358.64489832141766
-541.2146774587308,778.7581477947623
2010.4775679179243,-336.35892180576957
549.7426390517236,143.52970995003403
120.92423934414532,-60.40841953129443
1350.8620364666763,-188.51915583726495
249.30365625986136,86.74776573329667
-693.6890415835932,118.66231366448801
256.03736022450033,70.17708152016714
41.40406040976425,-177.72213955044214
599.7295031098496,155.80499674079454
1641.3582014706224,-358.45057081613794
659.8558636327218,124.39207172126801
350.54609524523136,177.06189020374794
-1268.7610285173846,-29.647031398450476
1069.0676489568762,-147.7154518423508
-189.348534545326,104.66383243277657
-54.33449270029655,296.76837487079075
469.80909287793565,179.101579737325
1940.1559763974824,-312.96164134819537
-959.6277013982005,330.7742105937093
3130.839262437554,-196.07903060092852
134.8187017706035,72.37710480792602
-1058.630938088473,200.9661838821508
1901.0090584817144,-130.85101120242413
-2054.220178698016,-73.79185853116847
-73.56142887914329,86.77668890751619
-162.36582913878073,516.6914098005999
-176.8275209176746,708.4394643895184
-613.1415759599589,24.515862373816127
20.009580129116884,-68.4496627200923
-1326.1792811444252,147.97826002486488
172.17748814732587,442.1964734423473
-1090.3475513195024,472.9693625617203
-1056.638556133386,151.18007444081016
609.8630156452398,219.7891798878527
-1223.0639006827707,20.361944300068142
-215.94417168967485,-143.35850487526983
-1460.3673140658607,-76.289583507506
-844.5620082027408,209.49209926660916
-293.0271283511771,59.889782890092796
-1463.6692775437407,223.7598361308286
304.248211720709,136.30313296229107
240.74144996433438,-86.45557013357602
-3083.1241944357753,-459.8819733516784
-51.00673536331547,97.4821761997749
-618.2151647761209,-188.59649484251213
1170.905612601578,-164.93995396050468
2303.107674482804,-368.9139801824833
-187.99333861175717,60.29249119464833
-400.1553012859214,-1.3102696038061474
-1515.4065157857247,34.794228404942245
708.6751181974504,56.30222478267765
2125.8456783404013,-298.3004259772874
151.86445556762905,157.56710751090606
2393.861931465707,94.31935656688186
-447.20263665963415,-38.437229503963835
606.5017645650844,242.21567203239638
542.3212292588768,154.62361265107072
758.3233475146621,20.876600067345326
-704.265930423712,-9.044641575523777
571.8704347066979,-100.02646919689667
-1050.0018026181156,-61.1926232953674
-1108.7998620430762,-146.38225487850522
-59.190727880689714,29.66504380162051
-486.8245971750527,-194.8561112888965
-3220.284735666557,-384.7113989749593
-1514.300875609832,207.30547895313953
-134.05149003408607,49.02911811927493
-2673.853219304698,-297.551901283718
58.23526800312595,-148.5394560934505
-735.8930572289056,97.30222442966631
1971.7017274758527,-347.8265549042948
1597.169783210885,-290.98142660911986
-788.5888942720005,106.35313201534755
735.0079846768116,-15.426373745811023
497.81516309760883,149.65465807528503
-637.0394130385116,11.809847267305718
-504.8065829125076,167.87394452282518
846.265652635158,38.712131887617076
-230.0803217374213,-189.87780214366438
2910.3730802526034,-256.11047649059645
-645.64750562037,110.0077153440725
-979.7740919450877,93.66274990064967
957.5145207152937,-248.8168713610455
87.65016320002837,157.85425673845114
1870.5581091614874,-127.37452552654065
2082.095726981579,-304.51492505506457
105.98507790437606,-132.64327283746888
2247.108475944067,-378.61684370007737
-483.8845217576412,177.12448776301386
-1210.4835199450504,155.50139206804388
372.69039607841256,35.225460421254894
412.48910304955456,118.02151640694623
573.0958712780125,-94.88659051400936
1131.9149476860784,-22.976655768635933
331.63800234793746,174.20461714395074
629.8119649988153,381.5074692902034
-455.99162824749885,-113.64592707556358
1226.386177525749,-262.96469090984135
-847.6099644721986,96.71390152438596
-200.28066455988082,41.752953687388434
233.8984854816604,-109.45476916713199
1014.0455804347,-258.0720032069399
-1014.8762282365713,63.43557276339306
18.96352407854658,108.13087003020043
718.1929412658202,418.63169459929856
-3620.99134105461,-573.9843340116752
-120.20092762000075,-86.57518921728439
283.60441015616584,43.249330360294344
1132.7585333537834,-77.31901708032561
-316.5080379064337,502.9529606655635
-620.6901511211856,-155.47069430936787
-762.7848685173237,-35.55222555265721
529.4777369574081,-3.4753751091296703
1950.370097208265,-405.7304407704847
-680.2340588641052,165.30553095417685
1944.9790507560137,-249.7005373743121
2.996903219470329,142.5268530594998
439.03580345585357,-122.02313307267907
276.2207602894333,349.56348607527184
1238.3155695126422,-156.62949993106818
-49.833302613411824,536.4153316342919
-1344.31039169705,161.31087179504226
-498.5761115702515,-261.0351815795404
-775.7086634226785,578.9480510223218
374.84256857570074,-153.44436487507593
464.32745894232477,214.96753254157605
-685.2320018240273,164.25156245536854
-613.1485012626143,-52.6380385061667
-366.33320605488814,77.41854574531946
-257.82960588368377,186.62710152303245
-2624.432984477638,-286.56529946939975
-2629.9924371652646,-294.7170082517373
-2887.347889217201,-399.7708491448948
50.832480177091966,187.51391680511452
-1156.4572434445395,-194.2437853057812
98.19173225103766,-76.84260376644156
755.9421159914943,279.43433249716804
-579.9789328277138,62.90548290196357
-1094.7807017358803,-58.02471158437001
180.67008030723943,104.58070698059538
150.58421687187422,390.47894994096845
49.06910905933796,270.6627413196121
1139.415576134013,94.7498128160191
648.7350331629665,-49.184056207644865
384.2436998048835,140.47631665863904
196.28711218241716,8.160761705695823
1845.3575402448664,-390.1516279801323
-3306.847406376748,-527.7511679537938
2003.8381471570938,-161.15340686437875
223.45566259576668,-96.71300375652763
-521.7115130158822,-283.5044331652341
2214.197116007581,-263.17003670461236
-3347.6270735001303,-562.2143988333676
248.229820945816,263.57351560184253
1520.0190058279063,-308.30186817978995
319.0386098090711,-1.3119672093923733
1413.4827940524203,-294.1732938382702
2522.1342091575025,-241.5708254865506
-121.49501699365501,397.226609698977
-529.5387981173941,63.533154517503775
518.8355646445148,86.3067411375788
-850.8407975680803,23.206107681544715
-414.0714313751357,128.86485970027556
60.601366138395285,544.4132791781394
-46.45609313483957,358.12476353151584
527.0142904508755,27.051823204537886
372.6978204456279,-10.60408460256879
-3255.2562280237944,-484.1691611466864
-3682.2493676662893,-584.1211652463682
-117.13509325714878,33.38750258006327
-73.68415520775712,208.7359224128664
290.08222237482755,165.88645235786086
-1063.0774547053902,-192.38572044500916
-929.3227540875034,-11.301370476605074
1081.6775122798767,-255.33163438379339
1928.2338912052983,-326.10271108894364
109.12997786369085,21.5074987930163
-881.1774381406543,23.398913149401636
853.5991373066322,-250.4235953580981
1061.130209870933,242.435398802823
-911.6482845882265,-151.66581190586697
-1339.9923817607707,377.3112604997965
-166.2768033087306,69.35049202173366
-1189.7280209461185,-146.08037499155753
257.51134389584195,-59.13929550936022
313.1718663457815,-100.20481653416452
-866.445414131408,-173.57645525077422
-1541.4757375598829,0.854972023601414
1919.2009003699736,-336.27986944003754
1786.9448341831173,-260.9170664467295
-579.4797523847432,-165.56757080590913
1257.043624293942,-254.68148603101912
-533.877587629002,285.02869325092394
-418.66717074896314,616.3458864460463
-1684.505354281526,-63.58480676663956
-35.40512697189952,8.212943072152223
-468.3332943165042,456.12925457313946
497.78972221533445,361.0455743924746
153.04346976888152,49.29523940453182
-526.5603821746818,30.634702288085396
-618.2280655289661,134.41086376138855
-601.7431267841008,-83.94568784030575
5.81272079284483,-162.97966602556275
-830.7052145964068,20.228379090858997
-512.1526461676883,278.60135395620966
-1025.8901870664508,132.6975739127712
2111.6852452045846,-359.13003635854756
-1057.7427345051376,162.89472011139893
-932.610603111124,-147.06411230015937
-141.51190762040957,389.1945993095026
5.67389900087823,460.576876564723
392.79626977736694,309.51572454298497
-458.81467865967556,563.7210954758315
-1249.7462318860062,252.6830064371807
-1403.576079182244,306.3565384002942
887.613137849462,-120.07404266761019
-506.4690386196159,313.7194391060369
-553.4693025501749,-176.15399850464803
-341.9910975255999,341.14958246437493
-636.1374056894708,204.28601569222403
-522.558678695102,-71.81550569911958
1909.4910553078687,-249.55230753968814
1154.463626691202,-313.1783875672692
-53.68195585784461,-99.85798537835414
-120.93976726069062,15.28428254060415
264.60631268913846,343.73499599218763
3375.1494801054027,-121.80131234471037
-943.3268637705651,467.790121720494
494.9911238253,-79.53962641355561
-509.64637181204137,34.18683525499508
-96.326703489372,125.41516049570372
119.48670698068926,415.09864103475996
-1377.7004885434546,-100.43525754138751
676.9604243075506,-13.110703957256717
185.3095268399159,133.2029191000552
-1705.8763421772758,-49.45823738006594
199.77504650603424,41.940554511162794
-3281.727364812477,-536.8817239620653
-1124.1290925267515,37.21161435914482
-608.34649931324,-168.13224379414092
3123.3991482203523,-192.60699055958113
1855.0555408778653,-394.1425974080281
81.54357857397824,132.73356490203875
-775.6621675519635,46.69278451715814
-3231.6959559001643,-534.719226777238
2310.434027911439,-309.03813339334715
1749.0081746537724,-72.22913938174115
1350.7850975322567,91.75946422317796
736.2984317821214,7.05061080809304
-44.995619644479696,-14.242876438155783
-947.4446742317989,123.38905316872669
-386.8905501115755,11.577485423705063
-603.5338781328039,-0.15672277009121638
1098.3061574055832,-163.51102695742998
-1918.1249624411685,-140.88727887572105
-1241.8271691424757,-223.39806923047905
-3488.651619087514,-555.1439787379458
-405.04560316046485,271.52727203715426
339.20684022858086,408.3997735709417
-431.63973327290967,-94.57855326073954
900.5451421650557,-163.19050271599323
-87.64915102831316,219.98261693050992
-126.71336956226381,174.6497889537853
915.0614538171839,80.37634214352093
1751.7864310001755,-163.12258394531716
189.74026588347445,749.4867595966318
-850.979012682486,-155.12570129989905
-1347.993213749369,158.21604464284678
895.1433657723818,58.18738710193631
-411.03794247563116,-10.967766064158665
214.25677324240922,114.30361403410825
-567.402332365819,62.343235281571424
-2050.470803654306,-165.69900587581577
1138.6262146695085,-270.29613552420227
-1172.6533594377938,-109.00083570082899
328.28139519363003,25.390830213780436
-208.01484313108477,43.500303286966435
644.3593699051164,-36.24124754280389
148.8004350623028,-83.90347121851124
-800.8034251897527,-227.76406748673034
-1392.562681742229,28.983402653314997
1618.0252331387903,-264.348667955931
336.30284681615944,191.30561122477965
-153.81611363013818,144.45619650269597
-428.03278366317977,130.33516175228218
727.3253019605355,185.43969497918138
-1063.9239675298188,-65.83419300789392
-684.1942311023353,374.2635796666406
-3379.838679237737,-427.29437779804516
-373.10082993190935,283.8147571739628
-2622.611635589283,-287.62026540795927
1911.4773546521878,-14.517164859798573
-1517.34503303861,-137.08409660516702
-1021.2757568896138,-13.459273625451383
-160.8611186297234,-125.72874315714348
368.8104441968918,314.61245251535075
-198.22499019301287,565.7658156851539
100.97114731472992,472.89566922564876
-257.17158780220547,347.07128212201997
307.25163712606644,177.66356124624465
90.70312640042397,343.3816477195271
369.78732116852586,-194.67532729399
-714.346955746676,-167.30945551726015
135.66753330705373,-48.39110689289337
175.24140185901007,502.82608334224096
159.4608350124733,359.70200203843694
675.1832427740538,481.2683799684
333.5056337377329,5.76297446853951
2407.7418310783337,-267.3310351259221
-938.4742466067722,257.6632167330466
-301.12693259329956,189.08168477242023
-821.4950193358217,46.21858784864399
-892.1875800911475,-187.28288553126592
1396.5063629825067,-319.7942000887129
152.16248942740322,301.1689572894929
1104.4731967756302,-79.19927348592928
415.53563670854794,65.43539494119756
-1528.731831117764,346.74435209530435
411.9261179011823,-60.3078807794726
176.36790654662224,426.16153792472585
555.2124851901268,-141.22378269025208
289.38107494577696,253.71023178400694
-890.9882534217155,-25.656931933941124
-624.1323209365788,-160.68509548303842
2049.555505930608,-358.75140235209756
-793.488338047239,45.074023638621526
-1312.2943663198096,-140.76699910529845
419.66391190583767,-47.92524567264785
-131.47171686226253,113.8368171901212
-162.559220330863,629.0417544713509
-735.5467309587557,340.20337466779773
1160.3124617874134,5.312697734516206
271.52977381556417,286.6340762330606
412.9931163213177,-9.247978874332405
271.10148750576275,123.97134267395035
488.5514607840306,43.14427527289398
-439.663831970011,-165.88577878758076
249.46409818145636,168.638577578086
-885.811743606818,386.6529343189278
-453.2171181189327,229.60596087359576
71.04527476538074,-18.688741938870063
-374.1006623811442,334.3799013452027
-255.0859398666968,281.5665457538385
-1373.0312999874143,86.97560136488299
-570.0696123634111,-137.48673562157293
152.83536010636607,365.0503854498981
1242.3100166353381,-64.86196193270803
-1420.7744484785946,204.76816667156965
-3255.5486127342288,-527.5638520683145
-694.0403090297071,262.8923808696368
-328.826292888165,-5.786971199898482
-3187.3899270670827,-495.2680351319527
-749.9054831301509,254.86005028620409
437.8701564969546,15.499702993667345
1835.5934884157352,-346.99619539753104
-674.1293818225316,129.63803327469316
423.2600045116841,216.129108165829
-1332.517867538825,149.30873337172457
92.4782210300246,92.96574893797266
836.1669722026393,-200.80852771486522
2237.9923133694933,-324.39687644487697
-364.7352754782393,-191.32339070920779
309.53736855898256,19.01676379581656
-3708.210538814139,-647.9596325659768
1233.0665554794198,-149.82271491960634
885.970687250607,-113.34942409113953
-89.06102528231207,181.32519044180785
-447.1053502812265,218.2050076742515
242.10823272462125,310.5421429230201
1086.4251411142395,245.33188486227374
1525.7281262192098,-294.68266000576295
2216.7330797024542,-122.78470066121
1090.9019913994232,-277.6048580527652
-34.62545536290072,375.9542477440035
-707.2076359234529,-46.999867255908676
-527.9967506946136,0.6505425548168097
-143.74153226457148,418.04376041290396
-1134.3170730772138,-143.11385889414063
-214.65787043425723,454.8889613974427
160.98224632647438,-100.68221364702967
-1031.941751220958,146.31560965317877
-202.30529354475598,424.1562447567093
-538.8601352806874,-56.09375293053388
-2635.0434659753414,-298.820906206798
945.0225202937439,-186.39109912556148
1094.728759063367,28.061740953454002
298.75454351754894,21.04608591756035
-2444.728930460137,-363.4236007145339
-3315.6257568271903,-534.993031374459
-322.4428290679675,484.38728894983456
2738.2526619884798,-81.13433773543208
3131.164144190262,-198.0433128337682
896.5546385552909,122.28654527708024
-1320.0349181314707,247.86351375386758
-78.55498409057267,237.92719896864278
-200.15929669921948,-105.07855541865271
1824.2209890020501,-314.7577781939425
-412.1713250959425,-161.12356229788674
1516.4319072954122,154.66105631297438
-622.7144965836026,191.03362470999693
921.8547415393381,148.32401061898722
1163.6906222813727,98.7006073439317
-1207.3487826307244,26.47294507362571
473.93455004504403,135.85308787383306
-177.23600569503495,276.44728676929753
862.3471311303618,36.32606363178087
2005.0576311148486,-373.179140673046
-1018.1446921358983,95.08841456830977
-2645.198591200694,-553.8627545048528
-1558.3410977008498,-89.05727182420847
-3133.262540707793,-587.953860359282
3414.9499496071617,-329.82235602605505
127.63485659557372,188.36615369431777
2324.5448985508024,-370.5704921846416
89.50810527665129,-56.07335741228881
-311.4925418603732,-279.0406880788026
-674.0367904490288,594.4062291429137
-13.118523902330283,156.9036163003616
1308.995780020406,-306.60802974027155
-614.4229750249375,61.48681578098882
-538.2840757915618,416.6843664348191
712.2173559675477,-158.34785871104702
42.741138012759315,378.93340067504033
-882.9306914814307,120.1165063962225
-3210.5509692841524,-504.6159567525033
-1197.898204713687,-28.63602645425434
-450.2720175857831,350.3934331361803
-1096.9581628634653,-273.9785765884486
2101.188581971731,-264.5481564204071
833.6526772886111,-241.8377902423228
271.7287772092032,120.99937897533924
-960.9282696644525,12.759722382909802
-94.36697046537903,362.60738427931847
596.6605076065257,291.2334832410597
-2634.1124101183723,-290.8754472546234
-376.1864991076612,-41.23259531760691
-258.60694828354485,-142.55817208008878
1218.9068197771082,-75.2976817581475
-830.8636545260821,203.7982279894523
-3175.180966451329,-702.4758024131542
937.3832287443938,-176.22996989412766
-1252.6487189593115,-179.03019215436902
-2640.9542570419285,-294.65533650060496
2189.26826939806,-96.15257803794451
-346.7256225084227,167.32347625677758
-768.8667720797384,158.59010045874294
-862.3018919934908,-190.19158874870936
-634.1375787124177,-162.91397076540102
-3736.0398374534852,-573.5147045542652
-960.2383087954152,96.49684216393659
1490.175442135107,-281.8067778659678
642.7865773756306,-208.52886201345797
-662.4381211909523,14.66413089465584
-1638.9613199083303,-72.311568408063
-1013.0994591494089,140.85404895900368
-27.186735319630834,132.31138687220852
-739.2849121144973,204.57339012979375
644.1168990316346,-137.07848855479764
-512.6656694423975,157.1542226113652
-129.26000843276347,109.74420945441601
513.5717044644252,114.69269283835517
563.88087092064,283.904487587337
441.34173077493216,-90.00427602675673
78.94318443215388,283.137500016102
79.2320787057762,462.7169386624258
927.2182662305567,-120.3494690621153
286.5156151321914,64.1332039758714
185.67810546797986,-18.12084444239928
550.9977726963024,-20.024334551951664
-921.9077189401839,-118.20631402118853
663.0015398806182,-127.19157945631515
-7.5472988347428,125.68574824039487
-232.23938140109615,-98.25716038624202
639.6571775021496,273.78080151554747
173.26003546633044,-13.156259169198094
-2668.4985223753215,-314.2847649319165
-336.09892714319744,412.3270295935708
-1303.8324934264908,237.90565703261413
-268.33600315907097,291.61987644507127
-1147.9880610283074,128.44439138427572
484.3571610714305,37.72490407340616
-3486.9173666685683,-603.7516963991421
2277.4316276404606,-274.8298436834326
-907.5551999535419,-4.318300555823909
-3.5815454316035997,114.07686247032052
193.62905098246435,352.79122474297014
162.68219484542257,390.5609737294119
346.40072379027663,25.057762019073962
1514.4021017237935,-263.9158509051616
-926.2272485632395,134.43213552453935
-284.0524571323877,423.7584663241115
-100.39785934020274,383.33956522707916
3133.767123354661,-199.59281181527277
-1846.121401342663,105.27143296191143
260.60810064761364,312.66899055681296
-636.6092571287007,96.31257743272512
-220.71505557986413,128.4124650008474
3038.016362992803,-288.34792030563295
-135.51227814081625,-74.52476170094043
26.390219017335486,257.9852130349042
-227.12402527736495,166.94558124716957
-117.58481355628327,-226.08253247174883
352.1945323008978,164.97715395352273
1046.9057942239785,-157.51953577286983
264.2537706221192,200.46429936860483
716.721667434309,-62.40589283511587
2359.2101585107207,-332.837156809881
-405.8213017069183,233.14970947613565
125.77879312469906,314.4353637515259
-969.6530787803964,-27.895767520088015
1040.4559646732475,51.63288139332719
-957.5591444619453,132.45047058057216
889.5851774617628,-252.71731278833522
1457.690103520686,-89.86127172321007
-904.1852486755769,-134.82159166349857
-236.74162555831992,225.6497338329839
912.0776489102282,119.14483939384493
1581.2033674382496,-90.3219345013701
-764.5009353244061,84.74155219807616
-693.7606153036032,294.40109900462164
-672.0165141795254,-282.7332877162025
778.9246625380754,-301.5789227103007
-1471.3589523559383,-126.20127301337162
1530.4758032904426,-173.16275603805062
-1037.6324339003954,230.63041701422526
1474.2302708933903,-220.77149531042207
-569.4621903820771,-0.4360733803962889
-681.0535543832847,283.707957368034
-178.13081916573702,190.84606776897067
2318.898175718903,-133.5461210019236
905.4828795161864,370.44925207204386
388.21492299544184,-83.02807156156948
1657.939028542142,-121.5445295264971
-659.2562788016538,240.4633067265786
344.3019636521898,277.59445400959834
-684.1292928365306,330.8791020087511
835.6156350734881,-99.80595319370619
89.58168967597493,-258.25098457738125
2253.1757732975457,-341.8347137857172
-488.562737661986,370.3329608506573
-1090.3265610968538,-111.26681850644404
885.9086348952369,203.69013493517946
-400.87661670343107,48.32656159597149
759.9394294773298,259.3157711802319
1305.7343207208357,-53.33413015530724
1750.302190300379,-70.25456695740283
1075.3011503565197,-261.7162459810974
-262.8767013118665,252.67969822580548
-218.62564265011147,403.7406240251297
10.07107045978988,381.85367801841824
701.0976378607223,-53.47684493669857
704.082005634969,-165.53246812038842
258.96359142281824,-144.00606180653267
2591.34394212507,-235.46755254099477
-881.4494614298275,-246.44474912181434
-2921.337599160238,-406.2312378241487
-436.296176239841,354.8141662559423
-511.1207105216078,12.322469993410772
-1142.6188027631097,236.57773044910633
178.55612644535515,32.25004422596867
-1280.8525119760347,147.8978229397492
-1155.9886046020151,200.48147932408173
13.736065534190576,435.47336842184154
-941.9637466852221,-150.20796832792757
518.7344493778941,-39.39171974495094
1793.3873092608787,-143.1644266864995
352.36498195717803,-21.96377790017341
89.43554876384749,40.60066067728224
280.76636316933184,-137.36299598406106
1097.307380605129,36.572079815071326
773.5106456350024,-119.46793786469037
-1286.2843742791968,74.3092126391242
1860.9880926509736,-174.10222566774289
-257.9212606986896,21.08363601609467
-143.64506718970924,-7.396029171506392
562.6157307467042,222.44080188692095
1360.4695598240617,18.85573975312836
-1223.2353780935969,-183.11850422600662
-477.5051976316696,-153.20986549677684
-214.2883744651033,194.94523545084326
2306.6687517985606,-234.11284404876827
-736.5812412469028,276.1905181358369
-3635.5376464343776,-544.6939392183174
518.1464027862623,50.431169246527
0.6558031465027627,-152.93340290178318
2005.7780143086156,-165.07089773895177
614.4534967285018,454.57697289216344
127.96260522798423,120.29871062097001
-580.4254205454345,92.56502628480276
-34.230803331752675,-167.37701865269509
2046.329517814746,-324.81135153701695
-1339.0468091666262,-21.490328420467883
3133.2848447562396,-212.56554602263958
-1655.3801393441784,-273.59682723769834
55.64025768617379,190.1226249390558
-482.2324578971918,60.55620850299124
-100.11184946480512,175.8603273499926
1478.4073464004152,-253.55488245413156
-900.6211132080305,193.25629371134417
558.0374565196717,25.372479653224097
-2723.359439721728,-291.40258196696544
-1868.4131646147953,-72.45207521659819
-0.5911312347458282,-5.908206654084612
840.0872340882427,43.762058795010645
-462.3274787038188,41.41052052250067
2164.3508240842,-353.0096355003838
-1031.564306041396,62.923208927370766
2738.5179205299874,-267.5093771406855
-3454.3799980969234,-608.3170239397986
879.7442088276723,-93.836893072885
-273.9744750808276,425.65213881102176
-1273.559852484743,-219.8868398874578
466.5389034797403,-196.2281103494404
-362.1392078289397,126.70093001311878
-986.2633074066499,376.02747198652315
3126.309091889474,-197.65366548465576
3368.6134581574715,-319.1174869457446
-297.4993825970843,185.27701845333078
-516.0993187896239,135.66254824483005
-3642.875833948386,-543.0575906957426
-1616.851828101171,-22.593994314707288
-128.56800849129394,656.9268959210095
3332.382435847614,-81.4386728742198
-125.92947423628031,-130.90694121004194
196.51114899666328,79.11389141078607
-537.1088636621263,-99.42016020256612
-251.54466119658795,-145.7420151691386
-2846.5168761098207,-401.07757746258665
-3317.8772437057646,-525.9521270434335
-850.8420508743649,20.163184913096252
1888.5137737411856,-349.12761435006234
-802.3671705570728,54.289679501783844
1847.948194508106,-287.9823128474548
1512.9233980209506,-130.9159851894096
-7.922952840257392,89.25584079996564
-100.34199508873495,138.90742388905218
-3319.7333737222325,-520.4514408805081
602.7648264373732,48.81196542388873
-2681.0867983618928,-564.7514080892473
-1992.9369614228929,-136.18780359637864
-1230.9507810711036,333.9215118101918
-1319.5181271291592,75.18784638228745
-502.4625036641262,420.4766251923008
-832.5144956719586,-175.03954850342336
1433.462774909041,-327.63238625729616
1099.883567318071,-5.517524783746453
-570.7304254864271,265.3773587868775
-498.3896122646205,-23.185648148193398
188.09532301373466,219.29270005001342
672.8944400045824,215.77867252518988
251.61270242808334,-33.347852912340876
-573.9770116550781,-145.11533245507331
-361.5794419201176,212.4803051451496
1352.7267154795795,-107.76895673870978
-176.54258238592266,249.11768681802636
-222.97538330110572,128.85184548125957
1711.1975522776486,-286.76569934208993
40.64287657749742,55.35981486339615
232.33227387418546,453.58425625341016
-1386.0820913001912,206.1491057116798
-2723.641192353056,-307.51149592595647
-523.3727138197554,-154.00035924334256
-911.6617009862291,159.63233624553123
41.926492597067075,459.7977382058614
867.61400229864,-244.99814018207132
1386.943533485456,-296.4183739778741
1888.96830653359,-274.5418097306516
-580.3819612932826,-168.1528833906068
78.35802712760066,233.60281350184073
369.99349056952803,159.4914713311711
740.7953410620074,-2.464978129706897
-3625.0993176638785,-565.7424762004848
116.5120317253417,-32.5870706041243
1345.945975501144,-151.750370612945
279.41556359436885,150.98233785599092
768.0930068083109,157.92970184834277
-211.6105965768197,360.7830574600131
-908.3504751889473,-233.58366341182358
-767.9571130518668,472.09235648078516
-420.8625123364278,-261.1553690608098
-1227.3916900706488,269.94507186830407
3252.620485836793,-335.9833755051425
180.0040161155243,32.91192401973111
-3438.46743640851,-599.8371962849781
-490.74097613554756,596.1974270419241
-1423.8902567063333,9.85570173896585
885.3765501501376,221.48037222955188
-435.97182172556325,23.412131814937645
106.11933612633774,508.8142982733664
-1015.4348988090406,-192.89524423694598
1776.5066479310942,-328.7690753305282
1876.5031382229288,-369.5402449174373
-165.6276291027262,207.06109453310708
-373.6827383870766,83.11474555605169
-588.825769386868,119.05994441954448
-27.903581447721603,-82.6899420824706
1464.3593663649438,73.37840837336734
-2896.2940463614873,-396.7809853967944
971.2185824234382,-52.964626635870516
1135.2100370107123,-237.1684610306125
894.9497864380542,-26.64258847969174
3093.5259607217226,-211.21967602037245
-623.758917110194,95.1321708046323
-123.79835724672637,321.31090999791087
1688.0177601751423,-305.11889665748845
-1391.2581862772533,302.50380581926566
-398.5064780277448,30.685844850527605
-480.20436424778484,19.120958400696637
-2389.2968665662816,-171.96716420843535
18.700056958937772,-102.57381039079958
-358.91252489472083,238.54172946981737
-751.5468447271668,-235.96179266691126
-525.1287343438332,-101.99945487513448
-1100.089682413121,-170.9671949226952
-322.60470179679595,372.00013545693685
-696.5891145070394,409.95492284312496
-168.00713719905758,-257.41351619863735
-426.8316222048373,113.99292447905484
938.69689351368,-168.02711027527965
759.7641904546612,-96.4116835627624
-732.5297177718851,225.59890640903566
-750.0421965299084,277.02245842190257
2037.4354665000153,-261.6543122495221
3159.9751904164195,-229.6408587256326
-748.5476469519937,-211.74720830089467
-1520.9180971799285,-128.92611145680831
1955.514072917385,-357.53983376257014
-818.7364130982465,-53.176513513760376
1233.4920386545066,59.70207066794823
-697.6992184281402,50.14346861205521
211.05131467349648,437.79974970014143
3120.4773886495827,-220.75992685927125
-581.3408777988038,-149.2763197520662
-2611.211558292721,-551.3818571156926
642.0157707361747,62.192108059869035
-78.84534248682627,320.82630548489857
1878.6412374644253,-254.99176240212014
-462.8894482867437,100.41076058430853
-452.69960567987164,54.64100156707201
109.66604078775033,166.10946189583694
-0.24616116190398551,262.48979852726154
-3317.339264228475,-522.2994668186346
-602.0634826829601,82.23498642749752
-3434.1251178066527,-558.1860347530903
-95.26434719960396,532.7267663087922
-656.1659225507982,235.97660808637144
-137.35773721291088,777.2933725286739
397.59109409448934,50.58291351042826
118.67829154250956,104.34665476916365
-524.2053170457806,58.46020586911068
-2633.939339350249,-559.045236003015
996.5176407646,-170.5448069290979
643.1714823635009,10.753173212959389
-3615.7966689475275,-610.8395276765473
-197.78880343196823,264.4837120164753
-932.6971081965637,24.261144936720246
672.4371508528052,45.54417456612042
-750.3040516965615,-75.28703171842758
-1104.0269515351506,16.86006917769551
161.100161994398,387.7182786114491
1066.6010785643537,-421.5148820362174
-240.39674133675092,-144.23585927607846
-599.3616071186485,137.7089094467883
1627.4851629993736,-58.647118194917226
-216.66502050023269,-293.88798822353397
1001.8968668075054,94.56541091210525
878.3897890759804,-122.1962194701197
1988.018005388949,-233.34204719813582
-587.7919330352069,383.514457630698
-158.49458168075162,36.36323357735997
233.58118931518757,0.7837431264746058
2381.114978539425,-301.014681207787
-79.70972222484323,181.25508112246214
471.64129966162454,161.96931582072474
-73.2584967276418,537.1756424274996
216.49416557204893,394.5131571788301
-538.7853330417126,486.7754890904917
1198.5951154611585,218.19486447590347
1968.924301496728,-306.406927441393
-946.0945999676214,89.02381661548749
-612.2177846336087,-1.5773597095043543
-367.58236423461176,-124.35138124991354
2221.3018432863933,-276.6736731175104
1471.295041742793,-43.49720187020059
-522.9119605953941,-48.20628883911432
-327.04964876250136,163.26429679714056
-1212.7309130844912,369.5803602690742
1981.3256957001702,-147.3485054789945
1897.421432260257,-341.0122001120073
-1307.6245128946132,-12.120496979060835
-410.40714795406245,209.9081581468286
-2641.762452130777,-296.08001685006286
-868.9264584452058,-111.44299714752034
-453.7970721977947,-92.94525446872193
187.69540873342814,219.8490419196925
665.6650422764664,322.07590374790226
521.0569124993696,99.86763725580543
-506.6676836503047,232.30253235578516
2105.2465208654703,-137.14326077958884
511.2171981831274,-66.34669526041341
1076.5598906245282,-167.0818378290606
-1073.819037974873,92.06457439222342
1849.1363591856914,-313.2207755943204
-426.8333701675904,-189.79457236548274
809.2751289612156,195.64360384019068
835.3605738005363,16.718116757801695
-3318.180983914181,-554.2743994670479
230.07250930157406,-47.34652899605494
131.0802622371831,-107.68689866042423
-1741.0484897334989,-34.82580207963766
109.89243055113525,-97.0752942549153
1809.0549548952235,-348.4231823030516
496.94315217388447,203.25229862701391
-331.6562654636018,-60.135607806864556
524.7185848032489,368.7950832939923
-951.2105585237946,-99.82755975080593
404.578530192468,113.93016734935274
336.70564860246014,-132.24115943794214
-679.582605880253,-161.88175540412703
-1068.4607197167727,142.839844909661
-3235.557009489564,-480.992625003441
-3328.8695495242305,-528.0083956298259
-553.9150973181604,83.35435978371589
-364.7251826215032,0.2594252305853044
-796.4066341684372,-224.04739983644748
1751.3433832623687,-368.13648264460886
-871.0995337707624,426.3310989129095
-255.50469498319495,-51.413509206554686
2160.3920615754405,-306.47786595803103
-2636.2194619516486,-295.20214029491586
644.4596339898332,263.8810672717723
-126.44961436707811,142.5907644754774
3125.2195034415663,-193.4500347970403
-512.0029705006477,26.5776921784199
-398.53941246727993,0.11989941246186926
-214.15007392370154,-59.67732270537061
-476.6175265654526,-124.84205871643674
-287.00090734502885,-124.32087167386709
259.28016257882655,66.32750550129687
194.3559120822064,-72.52019899893973
1620.302690576263,-335.7632717937848
-115.42878998362116,-130.94510988387427
-423.76016016440565,397.1147601558684
-1099.027759495261,-140.45470322332346
736.3676956305802,3.101826992743071
1334.8634234933547,-180.13614592253506
1333.0211960938093,153.63699535162635
260.7630974615191,162.5621532039508
1993.0823981259302,-220.59893983500942
-318.3817409821023,-161.23163008736267
116.88304236463804,-75.13684419406526
-652.2835368548568,301.7470031323754
-3258.116736497857,-542.6087156819251
-37.018920843801936,-73.23655676935479
-3267.654778260992,-437.971805208809
-21.248487878700164,409.567267033974
-722.748806469305,587.3626302340573
2397.9886888542824,-216.46085247869888
1175.0550233839106,-105.7782795944374
1640.1076954707241,-299.19008511742186
784.8661848664257,35.918831187301556
4.09467365884343,223.74057720315542
-947.7603780024676,-198.50099187875676
2604.6918337504294,-320.127558351395
-1156.3711923574692,-24.102472145080345
-769.004217811829,140.71274213590576
-2823.38861388635,-369.202781503827
441.6117496434301,84.3212135889911
1434.562253094301,-199.62004225635744
-388.2714523905513,2.6955653504613597
-611.3879716263749,388.285601086958
-243.7212576974046,125.38199779515807
1816.5460099981115,-226.31202889623782
-707.5230934958798,218.31301772986066
-596.2127034838321,-144.15465593023382
-674.8256864497359,17.25267921246206
966.5621536690027,-155.1919695295559
-2877.668559674591,-382.7468024548123
-729.5066493569147,-137.18940898082283
-96.72326931741308,-56.509215701770714
-354.16128490594275,-27.608630250437415
-294.4948496599143,8.62793658101916
-1.415372319484376,-44.6329561852295
1651.1028008382577,-165.49664196050372
618.3423501246768,119.38814868160533
-1215.3169846004778,-48.46136562019012
227.78030905783976,358.024436828151
108.49171673863958,66.20600278653929
-849.5955103126352,64.26480420581761
-363.732713960761,-119.93990761411814
-1256.9835096589666,357.89657339641866
-802.2159315827477,68.87202327134642
3114.679728284659,-192.0169746389655
-640.3381061338142,-120.81063995321404
-566.8838785489552,-161.25518105810207
3100.778133067361,-221.75877953604413
326.6715570685177,373.94628372334415
-392.96121826544334,117.6907234550791
1579.2944515255663,-295.6471565880535
-893.8605794605922,423.8247919609739
-209.24646130915872,-149.4872749888852
-887.9124253263444,115.60662310100027
-441.69128148561464,-11.416784803637876
-288.0217665497075,23.215865838159267
-3174.980210389991,-515.2939261489739
-515.3601957078941,326.9538844035797
-1497.251178638013,38.91416173433304
62.576688113250285,120.58132254314316
973.2233362144192,346.71799306945064
-574.1642682170526,531.2480983406615
320.1782072667336,220.85715408166092
-3463.70801174455,-521.4258539453964
696.5822838437664,-218.84228688927905
-523.2740099693017,82.58025379441881
186.99599568354986,-78.1816633456343
2035.6921852112985,-354.5798164967033
-879.4358420895313,-172.1751283721507
-961.548115146503,166.51535721718207
326.1668820502426,-24.98749732208715
-3134.8019464364875,-650.0997368257805
864.6637013285383,-95.33523320382311
-912.8990083076039,-190.04086381251193
-515.5113383420208,421.6812905391913
-714.6573200746783,-62.9178490000888
-892.9401235906685,-57.11827026707327
-447.9492680010722,426.8016694458139
-1176.6282587736562,-16.09971344691107
2175.323651133364,-313.9364742745698
684.5361949013543,208.49034775019248
805.3556234244088,226.34251933405045
-1194.195666087907,-21.83630316233097
87.05126073016065,73.67090004726225
-315.2459241946248,-79.34252357386345
-388.3049477599297,160.1576890476281
-1764.8366108073776,-92.35625767709318
237.23479182265848,268.4612873624802
-1440.3313738012016,72.90819846680478
303.0213411630598,86.40806132279538
-88.21890015152361,228.10995544131922
-435.7352434096359,241.221620954797
-383.5384033086263,55.6900932057043
-953.9131802857539,413.56455937963483
-341.95742780864646,141.66672067046974
-1840.845237338993,-92.87823628740819
778.9349083218789,-81.74040179894608
763.3456585091053,-142.5581964817461
-469.1820146323057,80.86868497376884
1901.741761932364,-330.5386847090446
-847.7863026278741,31.503277013214074
122.51141521911283,-21.198832700577054
-1508.4284165922713,50.32844179762518
2212.50139421474,-201.04394838580401
-920.2253184405719,-77.39130914847446
-1247.519183459742,-144.4541658782383
-983.5186449304538,243.7035525505252
202.33416672846738,428.1847382949408
-229.26135938082606,-162.1574918636492
-769.182940796642,373.3097231282057
611.0885093000741,-8.296730476881356
-1537.4002504366827,-34.98241298378973
175.54481493076148,423.53305023357836
676.4276005577989,94.32973397640558
-1029.856388216436,-205.4527417979833
1879.1633420556218,-334.3681848042239
-1214.4343975030413,271.13176102628654
52.027117423928466,-42.03716105243822
-723.6246981574027,92.6548660351005
1046.5761511833196,69.44543968934198
-602.9301189411605,199.02443711585647
1651.8619908758874,-287.34493620445835
-465.3853538232806,288.8892686025819
-784.4524019087567,77.18199826154991
238.00731120309624,435.05219175830285
-1618.820688684146,130.17385349485218
238.81324000167083,-99.88130785307587
1717.3951162124072,-236.96287771750306
-8.080862070324459,-93.15529855572008
2999.8096782225794,-281.34017464349836
1898.6309918964428,-310.8737005576527
-182.88713677075722,-2.5294178945911785
362.2250150986733,324.88653976268904
167.78154840137466,272.9024609589542
-3214.427294649713,-464.3357752974287
-483.3020240163807,457.8232536704021
-946.3377307778527,54.856947045742054
542.1179045949893,-24.719873999173043
838.1040760141955,-141.4471507688321
239.20537231077913,268.0272138154858
-500.5943534767136,3.055341573199814
3140.7472347870616,-217.99606172713487
2116.567867480475,-132.79055127090638
-919.5600108059052,-183.4158231809302
-458.5540172174531,-153.90842781853223
101.70702783926538,199.05694557836054
374.3048413277435,185.4696265958501
-849.707028616126,177.3730953931702
-2637.404352389382,-300.6308527987348
-3140.5281509205347,-664.8359059166445
1121.8119123380993,-171.63159254311955
-2312.0464436947527,1018.4694252935045
3097.9315100712456,-234.60582336240972
-879.331014306023,97.88830153772201
2078.2684378622184,-357.20011821795106
-3630.363407876809,-581.8550971786054
-504.4499814504561,354.6336897610706
329.1354009132468,11.095541033090326
-1372.3851171450717,44.9169852657765
650.9800326438962,-72.57596110157375
-101.18403544591192,162.47511925097527
2369.180224181311,-251.1626796288515
-1465.31397322931,-111.82433517561032
-937.6554771300526,8.054153099581182
-812.8621126498571,-72.10013661406441
-356.16092233574403,391.3566442570953
355.5405239499423,-57.48676565032139
921.8735605717958,-55.496261237316276
-869.0769676470073,391.7100708901496
-705.9245110842686,277.7617292368978
-1400.5004459465895,390.1765850005802
-695.5253824415807,-80.00105753509679
-167.64026770967683,259.5619740148936
1463.2644541948084,-200.93016516667666
-1185.5904689001813,188.16390836421326
1138.040997896332,-42.88608593114145
561.0689204828748,-282.34765527686915
-619.8408624591555,-130.0906856415087
2368.025475766205,-287.6114708492934
-352.8823926154696,25.347470580280074
-3040.773044874707,-403.4998041424992
-3815.188948829423,-611.6701668004544
-180.3333940931716,37.86525418332925
3117.4340838904814,-195.8765526850964
2125.249611638979,-209.48728673895278
586.5759508361724,-41.17024835926225
3137.7995832605516,-240.77228759601957
160.85405453596584,463.255731560401
2100.5977351765146,-219.00562563332775
-484.1034887606985,222.83896682400538
-288.3305743653823,136.67758286490889
-200.04409698404072,89.56267023038035
-707.221672957927,448.00987631657927
-64.21906048711709,-158.51740685746066
1825.876312270362,-307.6645988432159
-821.5248055105465,-25.994046277550666
263.4843627932515,99.3529352073985
825.6025282657971,-183.9381931394363
3138.0324556835963,-211.01123455809204
-175.62815084638964,232.79514391015746
-1140.9021634596836,-127.9346240059331
103.96272747676474,169.70372095714515
-973.5478755121615,13.551786034775533
-1097.4103739211944,-7.23681055827323
-739.3400721871799,-160.10695007872886
-459.7561588770818,-126.09452296925977
-1162.372552290752,48.28340941344406
693.8400928302659,90.2709818168399
-499.6895224281393,-96.49688214960474
-3491.0204507237977,-841.8542191987879
497.7765333526874,-80.53617522333978
-480.0289686252501,66.9020402360172
-3470.288586834937,-603.8529584342295
567.824883220252,-67.21687632824505
2058.0687865407044,-341.8856622690765
-268.0496639994588,140.86158442911557
2868.966212417538,-208.01512745936583
1882.849852966038,-231.89410243160643
-1096.0834562162859,-103.69656567222549
-209.00476268452144,-105.83107749674126
1753.57096028848,-282.0990978376359
-109.19415295363844,524.4410654818452
1490.0645666107741,-175.5388443856449
724.6036156110233,223.46370784154294
-440.4308419315271,308.54838038374766
2707.5883090350058,-312.0627319140688
-647.3961267689626,-152.98126920628766
-488.38849662874725,257.7116723157325
2261.5902746181005,-320.382699573567
-891.2772669124388,305.31829122566523
1030.8360565458004,-177.0921242865342
58.204599225925975,281.0065741280275
-37.335474518208514,-73.4400197311776
-82.79116251497368,86.46838696413039
223.03047684319054,184.46619891387144
-1027.9710678252995,-6.200446013063457
-583.8285121118735,259.2939994168151
-859.1235375661895,-128.0224532497544
-200.46464852484777,140.71318701007627
162.4329088498048,105.07041224271487
1165.1768679869167,-164.14712800743234
-3295.048873657838,-699.3636598142277
-954.837483620985,146.1354492547579
1536.2734673784478,-49.997428032398616
-2773.4794088542526,-584.8440929738049
-745.3653961514651,-136.977894506877
2878.882700265691,-37.66117690397332
-738.2322396569643,-130.30746707223085
-390.8971592279131,585.4336140861183
708.6602395701166,232.41434451452005
-3313.3660677556177,-546.1462396038735
-793.6600269149067,52.25406027037849
139.67873116658885,283.567056041264
-3471.2034519309946,-509.4348985130192
2192.8727099008634,-348.5796195562774
1609.7000027738984,-90.46589179329406
478.3738141827515,169.23818878761537
-1914.6522651230466,-35.27345911321977
874.0623187337336,-32.97216650065286
337.58026014334337,151.62266041173817
1860.5396837230298,-295.82969546462897
1347.3726709056689,187.36964919904963
-2630.545815431133,-288.75505819977326
-765.3088859076272,146.78920398484044
-779.957002141206,147.74107943085605
-1022.8578224391471,-126.1054005269687
825.9687395557889,-64.60354172038035
-2628.2980570817044,-285.10940361218456
732.9559397346675,254.61314731571096
-277.5141875428497,288.71054819359364
1902.0245686751703,-357.9674958521334
183.5946635869734,-98.22588190265012
-524.1651195045505,82.79605667494467
1777.4854976385984,-309.1886512427986
1718.925045310297,-188.45585197688322
900.8966839694481,258.58345083378634
-380.5439341406982,-14.608367187825126
-395.903864256976,-168.2949879363138
-2635.6300120448786,-294.0109202583897
508.4201446442502,223.45849838137627
-22.593103175463856,-212.18026925381858
1920.322329383226,-309.7468638204343
-118.39860245064051,469.9605804284928
-164.2239526009354,702.5652863627121
-141.83193740853307,448.15181037778484
-29.65612417711944,-181.28844352496273
105.37562467406829,-21.436009256766287
-325.15387817876405,-230.1278022591506
-761.1316185547755,-140.89039721748435
-536.9786253227486,388.4048853163554
750.4429442433683,69.60291084513598
-484.7982890347699,122.7384290312645
267.64932462087734,-71.69106662951074
447.3438788540037,264.7641373279182
-181.70835358113106,214.93811759047756
1955.9948959875937,-300.295549500785
-47.927921051998794,192.98141781001777
422.6160388373462,-82.9384518212407
652.2476787936423,321.85517384929096
381.20148051312384,91.73072454357339
1400.3684051680475,-336.8317347265666
-1181.4748840048985,390.12146016395474
1385.2499992658668,286.0441730774128
-705.6493418254598,-236.22709386805982
-588.8509692760937,71.4042472198386
2190.086545301749,-143.10972199255764
-279.7366555716359,213.52206492771103
-2627.4647054373463,-286.29875373706824
13.22024167944262,74.68043746437482
-467.15367459644386,293.0070359434792
2276.43091369762,-247.0557347565912
97.57176930303957,-28.896225066834834
416.8383330103028,334.68869216547694
-528.4178939604067,359.93921233735904
287.47974172385165,-15.82776737047798
1936.1832323061467,-380.34291508650654
-889.7261612003723,-95.80625714632973
-542.9122141145242,287.8624435753683
98.00016066421225,340.21467536130973
-215.89871973871854,-0.0539669946153196
329.0783282967882,-5.334010855027082
-636.3569865360644,196.1036273130106
2001.6191038309944,-350.13446327768094
264.7634051433351,-131.72342797104224
202.45072996538784,430.63656693461934
-453.0211168543889,-146.2836895930377
-2666.657603514997,-303.6258244861465
-149.7256845790795,-40.44836847770549
-526.2125415748596,78.29203038845124
-735.9546065270472,67.7032769116618
-678.9447768684973,627.3328800467413
1054.2938937858505,-177.41254642670475
1567.3216593689688,-289.3658995335936
-1198.562989554627,153.6653418342248
1041.5031973918674,51.78945015643101
426.27437202880117,-80.68437943453648
2380.741946070666,-326.14266798499403
2379.7613101003826,-306.6417159001163
-3011.4263847519987,-405.40708074371855
-158.5201468386811,642.2083464594415
-50.15051683964855,306.13262509921
-386.5696223578485,-265.6039727516933
2156.4139742400844,-346.83568587599785
-1412.8323298470425,-100.18026708755046
158.06583701919726,-225.84759467051984
5.475924293552353,215.03386504889653
175.80023604386938,27.651521495545925
1729.4712396859497,-281.3821649255351
-680.9994517547105,121.92042790796505
96.1809205905893,-84.73856292819293
911.38389474083,82.60748376153086
1517.2516154063994,-181.08342947179068
-636.1867416104641,179.17670307014487
2371.74789057225,-290.512642713693
-238.49838959113276,-216.92912116805869
277.2351452737569,238.39396448491533
-27.848332993734587,343.7811100759113
-3385.061558572414,-500.04809422032383
-1279.9724113112056,27.98708749489618
1541.774223490293,-43.67905712031447
-645.9781569171623,-24.432875440317027
-342.0962788018672,222.92629422534907
-330.9673345969366,-190.08450820562666
-11.29932585558934,-125.64973474911095
-809.1554768154357,-184.63116641329555
1006.6785299255541,-243.2128418149977
656.6752354677665,-77.78222386071377
-878.5399028770479,491.8580032010848
318.76956301833866,310.7861390542285
-105.83602614754446,3.9431939426677127
-336.92712042185593,11.032062049543752
-435.93362874861197,605.0525000299241
373.6692312592491,106.16985289842381
-520.7302800621379,-160.86300986059354
2225.807445190277,-243.39506376034927
2058.4273898023926,-339.8672493968983
258.05253811139045,419.1288315600725
-501.65829043461406,-81.84517160595946
-751.5294071464732,262.14102997487043
-1857.3944454577895,38.04852819482072
1404.0374499692564,-36.84713875399617
-224.56752334681548,87.23077877463366
-1821.791858405823,-58.97937183238305
-356.12996166038215,-28.192047862177287
815.92951638799,-40.73095294499518
-820.9707237141602,429.05666529568765
-650.5720828307188,548.4775156297649
1680.796340368703,-291.9819447766387
-241.444541550563,-61.62546529411538
-591.0125565052342,246.90174747623365
-847.4237443053017,150.95872244165864
-2620.1026680362997,-283.64476547461453
-105.14824085718759,90.8666911590494
-190.6000984249702,-231.41032314603513
-87.09881867122886,-220.64900439925879
-107.11029475342185,427.3999094507803
-710.0172481142891,-136.5746945975888
-161.6520111781023,167.16723913511322
-535.720745330168,329.9344230545039
185.93801867230013,379.3379505637075
354.38824570232515,-121.37619817901536
1889.279666320994,-355.54665993035263
-412.4295227904178,-103.76775021218853
-96.28962248264033,-128.13492490081265
-484.20839680045975,68.91416371215378
-776.6351826882201,427.86266581144014
-862.9369924099046,397.8986890758717
-670.9532562916152,89.39799501999056
-749.3326541585251,444.58957108484987
648.9435022094415,-73.41380732265571
-387.29100359171673,383.7138937019863
1398.6228213023076,-181.05040535580153
-2631.583449995773,-553.2439405921659
-2960.1152033555636,-376.8569821119674
-388.4231522191552,1.4945904816075863
-1170.8553181249695,-147.5543372516971
625.3737365166372,-9.70896902318862
126.6194060216884,161.109818178884
413.93583009946076,-73.17797365051807
-1073.7992679055674,73.00074157572097
-36.97400809001742,28.325451087312977
-1141.8457836673801,506.72943398874577
343.0406830051466,169.74308848160584
-1184.000004252433,-222.44853125673356
117.39342280684816,143.37594331477698
-523.8669091505635,135.9113939315321
-1226.1887514179914,-66.76824126605537
-723.6254969359585,86.73517394953737
-2896.5348525394716,-582.219589209045
-842.0006110152726,-137.81023028495864
1743.7168461423705,-171.40838745343007
2368.5648105472515,-262.6996707400447
-2665.323717132122,-309.2842128162673
1612.5014254333764,-316.48891856934654
-536.5254059154148,5.7230036598551575
-943.4989165778862,-152.45206778891227
-358.89011269584336,97.42609263946275
906.0682316365411,-99.7478592271056
1812.7069153836699,-167.20233048017678
-1158.6234147345372,-6.774947451047531
497.57152249969056,24.42700435652
-190.50208572675763,230.76682888221637
868.9765235060416,151.35497774976008
1032.1761929452389,-144.02290045460674
-216.9533640384103,-136.51030202980806
1018.6819984705628,-106.69536799797741
-347.62297095395786,-50.41571155716147
-949.050501500449,538.972372853466
697.7524480764015,207.49276292876948
553.7027342450745,274.4786414026471
814.3235373550868,4.470536551064533
3127.3545096620983,-194.80985790440795
497.57665376514655,349.652671813136
443.23561934773346,271.7666290757756
-1996.2700529469037,-52.6750959025793
2027.3620551011168,-259.68814397994345
1892.2876268929265,-342.9710700806691
-163.13057411948705,-5.148008922081291
104.18582147583024,97.19710389485441
-714.013790608935,-176.59487134891177
-2957.4132843428397,-322.0039411974898
-869.4506103802131,390.8782258478529
598.7245897156599,76.76851400242737
-481.59972255002094,-98.10946541752809
1871.3169688917476,-311.7628836852749
606.687364090383,250.39198769615453
176.65286579098083,168.17189224188112
-611.245917886978,133.40759671046897
-24.969272048067946,7.1554600569150715
2280.2607124915844,-314.0248086719787
-1172.0156647354704,-96.18495579138494
127.89610311363653,-89.37510354167294
1857.9178784636313,-310.0831325464444
43.48216168746617,361.5836700534854
2301.487481919473,-304.23377565008974
1169.9661225802768,-147.75053785116899
-2885.428352062005,-396.70627302821003
1502.8710550074836,-134.26941945432404
78.56190782694024,337.20951724075894
127.45397739901934,117.15994550249263
-58.707920653846955,527.8766032194565
-278.4526399419991,-118.500140129995
-781.9046181080085,-111.71292305646749
383.4574407515236,419.1085256700242
-586.193386638884,-194.99814168968817
-916.3537275079366,-159.7784105881193
393.54578205583925,147.0555330808449
-167.41157477371954,8.078937264564688
-911.3658507018392,-181.47812844788388
-111.23492745121753,15.854456727326617
-872.5680754840376,313.5512641501157
-975.0935124272611,248.4628352764844
8.14303108292659,85.49000404583057
213.45014474509173,164.65311339128527
-212.14019859914774,53.00148618634119
-187.50659611787063,273.44536295753727
-381.6096733689417,610.9853830157417
-1195.858569214018,197.401404226929
259.76252278681676,-98.54402288328568
-676.2739469426612,-15.497549929587304
-1383.2483822792935,-214.42182043686498
-455.49650387780554,76.81329064220607
24.130657009666127,-133.3264578328728
2608.9377308580324,-249.49210398121141
-2867.180933182386,-391.21654514677914
173.43803250616165,67.57873079980197
-87.5255051872738,-2.6339493173338093
-1035.927131759465,142.59747315461252
-1007.2406583751532,128.65228943710923
340.6782234432515,427.6206253312951
580.1147772552341,-60.28497401803286
-230.5415717619198,308.2408002499276
1047.4958728885535,65.62838829788528
99.71241867420602,-61.98264867974524
1799.7982454379537,-361.173232844983
-269.4177222993509,356.86750662068755
507.90230464562654,-1.7648967296852884
381.4930913049539,211.73307551479292
1233.2215439594447,-143.03286404636697
-632.9040949209633,410.7137213911832
156.21228761745397,186.796188744521
751.2498811327772,-170.58343286680008
424.1655389970853,-7.481940496793678
-827.6562760406355,-79.80850270305542
1032.112068130694,-12.646368093672637
-63.152131175267506,-119.508487369256
-3295.3867992559867,-530.1656350888521
166.2731515094257,173.23806830281993
-2630.1849815325186,-565.9882678744319
2033.6163299919692,-217.68910498936006
-1202.962892718295,-208.62367209496412
2149.922326731549,-338.25916792940325
-920.9422811542184,465.2337518518005
-26.197817023588897,3.5978959980279708
433.0512858444247,354.29850507610547
1140.604513199578,-196.89001660851866
608.5196223363629,-134.68272307233187
-603.1229081965267,360.9945892219292
-451.4641392269935,413.4756200612614
-864.073356040456,225.23449762376174
-2599.153996023814,-540.5708546568972
-1081.537807972342,258.5808003171478
-831.2713260333851,-161.98990690517968
2060.1369160033764,-332.61077453088365
2253.923112971067,-244.35491833908046
242.27664530377731,-110.61557152202174
1759.7844214812405,-316.7564907096291
-456.5043909733289,467.81962590327976
-791.6884299776984,-243.71307224924553
-787.0931614665205,294.3331042640486
-173.48301972024893,346.4820642624413
581.2377989962607,28.184069236243833
899.3831362743698,179.93246750504977
-1084.3880204239208,-170.77019477856464
1648.0828507225535,-301.31711151426987
97.28270611539497,112.65943098329122
1377.4574370140356,-81.56916510221872
-326.14249900060025,-125.79851243349731
2535.401202161692,-356.98726633744536
246.11135604379143,222.80229191874622
2502.7086934307176,-218.13080222954272
1492.7587788556536,-236.58558864159892
-854.5058925802272,-138.82652525704026
-1013.3805381683271,29.158702872013293
3124.3669761985607,-193.9053858664411
299.682747123246,136.32278460108603
223.7026187154923,4.212778725530045
2486.604416566472,-313.1970643145786
-583.1162872061805,169.94947050648244
-97.02240074136346,-15.368651486352533
728.2699169987525,327.34036743195094
1167.3900089386516,-148.0530730451843
-975.1497299834439,93.2372293833198
626.2371879551903,100.22308129314467
87.11261646347118,535.8326676815979
43.81246366231576,-40.383233919890955
133.62990117335954,281.0039667933948
2503.605008577729,-299.93078613905595
-499.8171697456071,222.7187737037593
449.2590258907827,140.00649207264632
-520.9841953106431,350.15906421460676
191.33138758903837,386.7530283769366
-282.97707529541043,-160.17633497960225
1025.146145703062,11.221444699125598
639.3188335787993,-231.9484274481812
865.3347181216617,-108.01539537629554
-2929.891159839337,-370.9513603241401
-478.03965012512606,231.7365378727092
721.5687009497453,111.07340400716456
-3463.737863156139,-603.1708421264823
-838.0969798922874,-142.80678424121544
552.1244218997798,66.77559983470118
-844.0699838606313,-97.74429970185264
-116.56892520482096,-37.52770003547359
-1368.2474583683843,-69.1033225955056
2202.044403148901,-162.6328966013756
1470.674539508099,-206.64959521035183
-14.488292927892545,577.9955804224073
-339.3160471216513,-132.48710279371028
-360.03082554344644,-181.80351076827216
-952.2412752806092,-156.73187813317298
-2689.9094318711045,-577.3805076665163
570.5374443654158,21.17164042650507
1784.6908281103758,-373.76183529699716
63.361427999124615,28.080741771311256
-375.91181538365475,258.5989586875126
303.00308516670174,215.3396110441766
154.81186966520846,119.65436126787971
-242.10336942514814,25.23514038454805
1086.2100159142044,173.91305594081044
1606.3200490357294,37.85677408694098
472.62389259652446,-87.20732209731615
-1282.1149224458366,-33.28592843431179
1359.4513772622686,-182.32905982556392
-1014.1701218150462,654.3099671999436
-931.7612956366484,133.57815530334415
-212.1636303593204,252.03078638710588
846.207220744198,5.678810626876332
-759.2983781737196,559.612303874243
-410.7344364953982,129.9745103486412
2850.8908515861003,73.38441828399989
42.44366028766237,-10.22631560139459
229.85801738342658,44.717414702600806
-688.3102378128073,15.204096943001778
-44.453020186640885,65.97295235714377
-1341.1700582439566,306.21410080686456
-801.8245350304067,250.0472769711955
-197.44667822143776,-100.95024246557604
2854.0548471792385,-236.07033514210184
1242.2494035327381,-122.94731306936366
438.10648833610185,-33.690434473280234
-161.3622520101547,640.6782799465781
1520.1626930390005,-6.42456715661201
1681.3076172008946,-303.2101033616009
854.4508497523282,-205.12769737257224
-335.3660144703211,636.6117437622183
-3131.8169639929934,-579.095591916185
-3108.4397948731116,-612.5463122993066
575.974010314935,-42.349632073434876
2001.029369851452,-337.75990940127303
968.3740956182093,-200.1097842158465
1878.8299469718968,-373.5822514526788
-306.23285062625234,175.41169892729533
-2647.833164875031,-295.4652940619211
2237.631336473261,-274.7478230540214
-732.1805554176896,81.36975967462094
-303.31343340106565,74.12656554781248
-108.11632910977704,33.22600618426564
1985.527946947602,-385.07329228137155
-1071.337728030993,205.2108521061621
2221.521755059495,-311.68414479810315
2436.4063198989343,-224.6033210746397
-405.04795125075225,244.0697075841756
-348.1293268977408,30.397446711500358
158.93062611149097,75.70713587411367
-48.8409838253296,-244.72139352196248
-152.79893206770055,436.7081631396777
-23.398294215506706,-63.329288681907876
-757.8005450071291,9.686704211236158
2080.0960131863894,-321.31798886339925
-1624.654802165687,-150.55625230948993
-3365.7448690843275,-474.4737362261721
2299.8798011208455,-250.27974870216428
-36.04211579573732,368.8920927871826
1103.5838485060956,-201.78008929974808
-882.6408004870694,227.4701777685184
-326.35388379020674,-314.3563897081609
-126.6667325239491,226.36472449429215
-160.49061395960868,176.12055123775863
821.8294873750019,222.94668680550302
545.262617482538,446.7522118631206
-2635.409895364116,-303.36283248460757
615.2371989260371,163.34525314013777
40.4904784955176,471.7582887383916
-2720.8608460254777,-334.144414574954
-36.53520850355364,308.0619231873485
-0.0039282667075032866,515.7761215513649
-326.7520173398052,459.44894119815393
2567.96513845274,-251.8142130721332
566.394341086471,-34.3002435551417
358.01200972411897,-197.52440064723154
839.5380745352142,210.94069973222577
1359.8120913787463,-304.5168117122523
2424.935018304982,-126.21908740053252
1277.4529078800588,-102.86212639868421
-2002.0310761057397,-426.00123137554266
266.43603593593156,466.43253570110863
1853.803602365333,-377.42938645642516
634.8776599010837,36.96158501218543
887.56088560931,172.06598539537148
-931.258882437104,221.8889868974454
2241.620650881294,-233.1135878339255
-56.59773561205355,-81.98684553786872
-334.54155295526186,90.5112662667937
-213.46987051632695,61.77151015736445
1024.6861788550457,262.4462758984398
1161.2121407652492,-226.03161263960646
-985.7584452252758,-205.09037471257875
-486.75877771974945,340.2096793108799
-497.6525998627886,-3.961033000057714
-150.30219461114189,128.16123315656722
-54.2030609982868,66.9759065994186
1849.8685930340616,-293.64062657978917
41.47715476766612,155.12474700125676
-2853.531922559346,-397.0803730689086
1898.4979379296199,-338.1918430744335
-766.8359395457284,150.25544610146414
-1007.1834746976759,-198.74387863312953
1219.8332986297046,-48.27350945586144
-0.6653680433253437,129.72160835645062
-506.1139471705167,-87.7951301928907
-455.52286156638877,-262.982812668645
2422.5164930260867,-351.9405689875595
2165.613880150469,-323.25340067834213
-260.72201708898234,-84.92640262426602
129.55802562766246,-46.68645980306048
1707.7225036405266,-221.58284451375005
1366.1811463530025,-336.4844150894838
1998.8234159048802,-353.453935750103
-3808.496520312422,-640.6926340869417
1838.8071475103095,-135.96714820081348
-696.0192963644272,67.18719406710468
105.25226010104194,27.172930553095437
-484.3923558299057,160.17714762109878
1217.529063213827,-188.05819406160077
-1043.0778956777199,-6.39946829705014
715.9639745285925,-101.36184128621372
-236.91825617053829,290.04673843354607
125.12874357032861,-65.4566746444587
-290.7685345642874,432.2601048017026
1804.0337156281282,-371.4814600010795
-507.3926570391265,318.8912628458528
-62.44493041040762,18.846247360084316
-2268.9279392098174,910.1958849777188
1018.0745641400347,73.98719240933681
-62.635260277520764,-558.5621261014617
246.85571790532362,484.96271793158394
-3320.515690486041,-521.9054103026988
2365.5759856625828,-271.04884196085766
2179.2210475431466,-255.2664260568375
-254.32011613771493,-11.088796739785645
-110.69911971034722,170.23866146883745
-708.2328673582884,-144.07127798438975
20.549311291385578,-164.6378755595795
-664.295427894253,590.1027985688846
-2918.754460838481,-402.03287350545764
-862.4367811482442,186.72068752733054
-3451.3702101669974,-604.0231494373649
-759.7078212295559,-84.91203944795457
-1263.9228561209836,145.4889324886221
-349.7287805348305,374.37205612270475
-16.03503436450594,-82.10694081586105
-244.89593675276166,50.67516325757656
-731.5428765272953,23.710964396688905
241.71587748703467,197.0653505953174
2368.6252923598895,-298.19095269502304
-174.0862576094862,205.19403538782348
131.45770437050788,348.21675622843765
-154.30387422832374,427.610651867466
-2630.879869810148,-300.25900683247886
102.49783649068253,328.8893123222082
1107.9136192022145,6.774487822381371
-499.77766141314976,-159.26409106770998
-579.5511584652278,-13.261805293706207
788.2768888372773,-72.0020878532695
1721.260810947316,-275.9726706855124
-859.9558136868391,-254.37163539957714
2109.370234114393,-346.4811872433688
178.586243733515,-28.445204013679117
992.7693808815147,-239.41275603120084
-676.4345912807147,397.47988402532627
386.45758227051766,-178.66255872798877
-988.2327080923313,-35.75611771957445
11.221434640811896,326.65867417705203
306.4559595898785,48.99549044988185
699.9166255124835,98.94851345559879
387.2811624985202,146.13273830599815
930.2283323413382,116.26987814279238
760.5682628226609,-78.2869679490048
-47.557120447849584,-47.47803393984178
2020.0308086990822,-246.13361746866113
2083.8433793270356,-77.57765963678654
-720.5639407414388,210.77413858810218
-68.46087777020924,289.9698836119545
216.3923912896919,170.33030950185056
-2639.71615595212,-564.744544284032
-2869.1077466636243,-396.4437768698576
701.2287203370213,188.20935356723675
152.19528647168013,162.1312776402688
103.56369857509102,389.1752750267862
607.2619659471135,-112.48701798990385
276.2182453668136,-188.97475502755054
-1418.75104738465,-10.868633947370245
892.2895386750052,-50.102930079998536
-564.1157798415104,-176.85882428550678
-410.9999474542978,44.365578137613554
-690.0357197399795,169.98562861230835
-591.3758608951888,-205.14080662916558
380.79228224851676,-79.52862489762059
2409.499677908963,-260.2351165403269
-722.694865226724,-219.23596162391567
-157.56810684360147,-69.93369814639232
760.6285703942651,-191.6524004796739
-141.4805253669958,-32.57544407482338
2271.80629771444,-306.1259321727689
-2740.6312553000926,-350.64870600789243
-459.1617087087965,287.80257624257473
2243.4317702591006,-250.29977210384928
-624.8322145476767,123.9044741753981
-395.884092245137,-162.03233880638663
1858.7334827868153,-171.63328713755578
-28.264690341137925,-63.95980062042031
-2345.6759424525935,-371.27997685771726
-2774.8891502043134,-338.8650084518369
2231.0249010100238,-305.82052707540316
-3319.4319932418616,-520.0438924131555
-258.7035459092376,-36.152210241576206
-255.28635344620116,-40.39048364976027
-778.3414391785554,110.3863572948286
1247.730624572928,-24.83166022350607
-917.6756248877975,518.7612211911243
-432.62052534956234,23.51849298660147
-690.2349185664066,20.446596980151547
1380.4482803188046,-67.06116339366689
480.80616067747786,276.4406859221753
5.001571500740689,-161.87684307054278
1787.4633024742384,-248.09012211093113
1816.7087487601646,-326.82233545161114
-329.6714713385283,340.7573808524375
-635.15290801214,-191.21292722061213
1665.1444294528828,-131.61755530682518
-93.76757894440222,-0.40290804361080956
-1054.242957576756,582.5754608179028
14.69205366153562,250.17917867355152
131.98049220283434,404.6036943610676
-872.4199127409134,-175.39292634976877
-1821.474045396693,-56.41121317809679
-796.745220980478,299.3742560800975
-2616.0412969054596,-286.5279151240193
636.9808762869702,267.4210363056311
-1783.237889291956,150.57777425105397
-730.1785210638506,103.21056230862442
761.0989237012925,-54.225021986916126
-492.4311453222591,-68.64212570444704
543.0059703476275,32.45359999084435
-1174.4166529955844,-47.29238423879991
761.2674631054543,-197.93296946936647
-822.8296560452178,-172.9009978177845
430.43339503117465,416.98970911932685
-405.5025172742601,183.72762445338194
1696.0144242120991,-224.0567355705677
-3444.1077018718565,-431.48045553520035
-366.8395543095327,-149.72693732379813
-1523.107286575954,-200.35293087274326
-674.5370115249542,505.9563487225547
541.0505439282265,179.9424649167465
-810.7202483628329,284.1770664837735
-603.1126660172383,2.6637325963001945
-912.7461755653075,167.6480568222445
-506.57868218581825,182.82350056538095
-963.164462776818,269.2956110891732
1032.2157507670202,32.62092196248302
-579.2860744247733,-124.69651277407033
536.144441855148,138.06938333090994
-889.1624261695451,203.9101477426772
-20.423109839090145,201.19411583034451
-902.5076657766364,252.43463529929664
-1019.2383096138842,-68.72601088241659
218.67123744192216,126.19898242051921
-122.66211219132333,330.8694818364431
-18.499624703718844,498.9058067771796
273.17522833939614,463.23171444588314
515.1593322181086,-113.93387916562246
-740.2613356919579,138.36325934225636
-118.23772500143491,604.2155529612982
-617.9255310038856,200.48123003564228
-467.7515823260225,201.74724162157773
-764.4315412460645,-144.75922178794053
-3303.558291982274,-527.8599740226682
1678.1992312697566,-299.25127763263555
542.991161645247,-79.28737244182443
146.45979242208665,-33.02974244547377
-216.6842799578071,404.58317592609444
-203.9173170521254,195.52042866020906
748.0904736031454,-0.33361690875383987
1418.497486508143,-183.1638474237092
48.08847801643575,-85.722509634454
1227.607146569585,-27.437580437915095
1070.4096302368357,-188.78672769476245
521.4439108271422,76.98863618798735
-321.3723588088933,354.9489362162123
568.2711835086646,-123.33035075691849
2540.773159483411,-239.40544847984242
1523.2945107694516,-351.19609656947756
-737.7081020134558,136.29182502794467
92.82055262643526,347.4178625149867
-117.76676524599526,100.60648855055224
1155.8886642395348,-265.2698438753197
32.338063555913045,-142.76870737989822
444.37358624583703,5.824650129844927
1298.1500788661358,-207.2887085375441
245.15817501184273,176.01525038914926
2609.0264750183796,-302.1870647808634
2063.4118600805373,-326.38670780027866
-3300.2999048931492,-530.5311968104563
-1139.498612809677,-230.84000126009153
483.5579100096162,-76.55053290323863
-139.40488040969632,429.2901163073913
-823.7608193065778,-65.00703978666078
-2755.0962113918126,-576.0609338280487
-184.96480707476107,-148.58507867021623
900.261868509032,290.06687134110297
104.48275968594511,41.628031874298365
663.4995037794005,32.80810612446887
-1195.3271166040663,160.93403863243532
120.5366980336502,445.5313433503651
1172.0835462174448,-201.01130860504537
2275.635210953656,-278.85094125566644
2195.8534325817773,-366.4333616573521
915.2703928970867,149.27693147701916
-366.81363453977843,-19.82783194187389
2643.3697427479688,-297.7786314089364
475.1123925793738,667.2211107733098
-163.17992329952295,271.6149901889588
-3852.8846029398787,-634.1111980160566
-1174.4168311474496,-174.2387151502373
-1203.6843574827965,16.373272808509434
559.8668054828615,410.6036633882572
-435.8412201226858,412.4654293891665
2306.161804775917,-173.28476759814347
-3.8124403769890454,152.86765960718958
-13.358486328638483,188.98404258472308
637.4170517183243,-28.05756079354056
-978.664280088363,111.53344901150517
1299.1323382199507,-187.31965290838082
-1037.8315743937308,452.95337618421723
-1429.9212404454101,-72.62055157138133
-3143.7974649712055,-662.5823920906712
-362.07574701016875,309.03027598231233
723.4399113709347,-158.33346308452238
1111.4675912039702,-106.4867140915647
193.84130660645553,297.4800707655579
-95.92934243498026,263.5297064424525
2014.0222687054945,-365.0089276645809
201.4958427654049,-165.2135210405702
63.46821775750871,-124.35906098531142
114.04830706945218,442.7520199203283
1111.9733787373848,-211.4111163157187
-456.54721752394016,220.22410892443088
-1585.1774965134705,-113.49239300549735
-1029.0321458543724,-89.12642096024383
433.30868929426924,-134.001448194962
1077.9406474291686,-160.44876527330243
-1161.436404233736,-228.5782237805405
255.43996727878164,-11.64974357925505
-807.4107180779955,429.51019436642457
-3491.770327109218,-515.3068241674268
1557.8694852454455,-328.36532204475424
-1583.56665555449,-3.709509095464813
-210.9783465472759,-20.111647934754274
290.6412028081198,338.1548572689513
271.458281750599,143.3016911141464
-546.8338998796439,340.95682754611175
-725.1127032945129,479.30988535728943
-495.6467849558426,110.13560576622659
31.25524141413005,149.25036984197538
-2382.810107460412,-393.1216184780419
-3129.7769198669134,-681.2979177728024
2414.474543273602,-256.8524718395675
531.3094610487111,386.30225923021374
2174.2699933286376,-323.51783888385904
-175.4549714516284,543.8005703742476
-667.8473594127183,363.7286677434844
2336.6913722152062,-219.55417524862193
493.043725038313,181.28472751921925
-1852.1521970578103,-56.80161540607796
487.69574233254303,247.9610012020097
-243.56008951467308,686.7911353582277
-759.1037362495501,127.92878947071725
-3682.1557632251333,-662.340508693206
-1700.4577782422514,-58.58926730474596
148.74772716224257,342.1381446622513
121.24810159567647,237.34493833672798
176.1385839553569,492.3667973287685
-479.0946221823867,349.5085894010991
22.755018176342457,412.20841653028305
-718.2599939404839,228.27490260695362
-297.8821980761467,279.4934676447905
-3475.707525150013,-620.3829985683589
684.5316327826164,-30.76007506318741
-2682.6432788400325,-583.1388899309363
-167.82994057113874,690.8097292699141
-712.0066086590429,-155.50628815894189
1813.4040859636902,-216.0568021191976
0.16429996470193403,197.26208415182649
3133.152841422523,-200.93981579244496
694.7594413037815,357.5395804080515
7.292783775802906,30.244542198785194
320.2895660031679,34.011425827164715
1280.8640383316265,-145.1494464186229
14.985220384565103,130.84949230869816
-2806.9071658554017,-558.8772363308885
1.7663032381704296,-157.2593889729026
-2953.070911773738,-376.40577748202617
-1122.6929179725705,138.93514610269722
31.17641805422563,-172.28160025903904
-1091.0321162511746,497.0154760142064
-62.56148700007629,71.49782615639838
-2816.722220204773,-333.36836681698685
-670.8687223170576,239.7058664301108
-978.9999264214657,151.52177497557844
667.4186232203895,121.87948440769108
377.24762424808483,32.831705190576365
3142.475421118356,-207.0521604661575
1850.4430565729403,-328.6268236187976
31.064295999922034,231.76949138830983
-360.96979280347733,137.45457062904785
1662.6357696039304,-155.05317406232106
413.38883862195013,41.85339911483678
858.907418593934,-9.850680433129234
-123.80412393233462,-80.75105465844894
-651.3627421080345,58.49621306219655
315.9257482610099,42.064318498688074
1139.213474614773,-15.450084049312476
799.4623018527078,-28.574248222572983
1348.9360337997612,-21.433415473689713
-642.5376123957464,-181.42054623078408
740.5126787855648,-174.0068723416572
-676.2309873739963,121.07648693756848
-2697.8610917593514,-391.40323857184023
249.34709017801376,377.90891788286507
-162.18159198625403,266.2722531714219
-310.57375886562784,23.679676418259508
-842.8438626946023,-187.34854792087012
-2.979347601912533,-9.868333152065901
52.68640076039783,211.85364884303772
486.7171162881548,140.50766992085252
-185.4737635177134,352.93205979589214
-599.3281931074799,-127.03529289944053
522.9776444123254,357.7531903779667
-557.547743194608,203.75475182726083
-206.44589383831186,24.227130520952105
-857.2134238421896,-158.0356899108157
-33.47511390824675,212.98997733865184
183.7014889604296,-127.50059301513785
35.97229084585768,2.846418095077339
-229.71321193018883,-24.817354573664325
597.868999829694,249.13227609962578
-1452.7880952312685,274.88826016091934
-1311.1650938522998,377.6075855632145
404.91245956873706,445.47320419421845
-1733.0220076488345,87.12465304114465
-1082.9708119867796,-166.02949776687393
-156.81457750591107,161.76868249190568
1847.5412917749786,-289.2131552956772
679.7876484406527,-32.167962486909545
639.370814587695,369.7590558468226
1825.5514331145405,-358.3255077169602
150.5622115469066,208.61849966419734
-929.5047255377183,-119.68268765620935
-2781.7230138342757,-396.63731994635674
-1868.0495202512845,-59.4857611543895
-482.0592025851469,98.80974885303259
141.82641067422807,68.60166428892624
-1941.3424746671656,-70.19212471551667
562.0706990526713,296.4484915510782
-82.73070276732294,209.09560574738822
-1349.5107170899425,-162.61714715876653
-215.78655166935275,119.15782824638131
567.8393139048999,453.7706652789986
644.1160964597962,294.1786037808857
-1203.2195590376205,-176.37557358432883
-1117.1948194411489,-217.18596253880705
636.5701281021991,-61.66551021750829
537.0484937148335,-28.484561032547827
-79.46749125863167,364.7920184412213
109.11468297813937,-11.256089725485468
2661.059395025352,-233.8396071563181
1741.327421601224,-373.673024029482
-41.88233553698966,346.87865723088134
226.03062199321096,54.46950749616432
403.13763155735785,325.9032777543831
748.5960448748241,-41.411798434908015
1669.0167409704816,-340.17081155850167
1984.1960934910812,-293.0288794990707
-166.66142531703025,-357.6034359546033
-1727.2640078462803,-43.55826044623542
442.37126705648126,47.79466284105598
68.14101725294225,202.62128581513738
787.1006312846423,253.51591570818587
3129.17770088858,-194.10032052214848
2790.9068547805214,-192.5896911898922
2069.2271570953667,-323.33175755209004
-365.9458891485344,263.9950275377092
353.18469964994523,461.1252343113533
-1176.5448572546927,-185.2506590958288
246.84586817477032,-37.54839265029152
-1475.7143671607696,-33.91078284534192
-1105.3475801767163,228.37459727745167
-1015.3320241923527,-85.12245130212592
-70.98339002648515,552.7401914888707
153.74474356936062,-31.19122449327834
-537.750009033313,-133.50268729061202
-2533.4593723524276,-392.6591583321999
-923.9450637705613,-190.22624887560113
2859.6375345311253,-94.88213379665942
69.44821040375018,-145.47696158486286
972.6533237995116,-241.1061677517689
958.180749308326,-42.83899723848297
-786.8333311058971,42.28413152164757
258.69224265345576,-150.4837615597771
2608.7234493615433,-269.16760018825863
982.6550528347256,72.55279593961961
-589.6448973395616,75.2285620493618
-701.7022211019176,321.14592954521294
-551.179148897464,-75.14884904054773
1550.540784547049,-70.03587703906021
1086.1378543584078,-194.9014926771554
-2759.448207350718,-307.68597769957785
1282.6710888984328,-287.99480920693014
-3454.880558152227,-607.2836942421154
2302.099484134708,-329.86169996699266
-499.70716828756355,186.20832452509046
-676.0815687476438,-157.94901384765572
-91.6654686780793,-30.613369995169254
-1763.4585427691388,-77.77198008821952
933.0512206505186,-180.74000236229588
-501.90688267737806,-26.445634996151195
285.39433794108794,44.928302769557014
-627.6939799490633,214.16822744651435
3125.8588615762737,-193.98933059085206
997.8376907987346,-95.38917073166354
-111.07321892912033,59.0374878179601
-960.9120044547036,-114.96234447270791
69.67218507162762,-13.677228098864335
-3.7161119769510917,209.99876661279936
-615.1102882235941,-187.26549636190822
529.758482922868,-97.79654557334156
-487.6948417900576,-54.388959577263705
940.8654605449228,-112.18114141477548
-501.18669665130903,-108.90640747486393
-795.8163879540595,251.79698904947128
91.67347356886648,171.01946986779117
1414.5927325365333,-202.3141294842256
-479.35075248798637,-114.163681554786
2692.6520999506006,-285.3046118064848
613.3040679875928,42.36137437029982
68.4397865979924,394.2789480363159
214.76161433781098,-28.930693680759127
710.7106857369195,-258.7121208360863
-518.4674378324672,-23.944701538827744
88.5552541392458,79.7960011525294
698.5213238190939,167.9670402793484
-329.52893945607053,604.7899761354261
1619.083769161233,-4.698921270781035
1908.3798697956508,-350.1523190693065
-590.9210969672135,-240.94222050450603
-334.3377566819617,170.61017330730175
667.6997797478315,60.237273702913114
-6.38830863914461,504.3384714213072
-198.93327637750164,61.44047323178175
-223.60837147508164,520.4142971352255
312.0448838107718,308.8240909958569
-2038.5419742380805,-102.20889607028307
704.4119927073092,335.7562204277813
124.61182612264453,657.7451832589531
2349.487217194801,-341.1593021350848
1947.1516689823168,-343.998138632569
-3444.8833484252646,-598.5044068978543
114.6976635095076,207.57942404925242
-605.4113403364911,292.8320286730725
1501.2214739005776,-192.09183471554965
-1397.254742805467,-138.25495344028542
-151.86654667231196,102.64078996757073
2054.029181192952,-324.5101728439898
85.38733479495761,-39.72228145676951
-818.873863022897,-188.61798968955682
386.95095125582736,78.04537706366528
885.3866773286796,148.25537118382812
836.1905546131858,128.23637656325246
279.19273155353204,252.7736840075697
10.777037141989723,37.31919957875372
-704.5039847136688,337.9401077801677
2950.398346349894,124.9777376116103
-669.2755679763271,-65.19081087915757
-604.5588935554945,-164.76050406376737
-1215.8026749353346,-65.34858745470798
-2040.6994295097606,-167.2695440271336
-576.2751277223873,392.6976845277499
819.2517835621904,-142.62907618766994
1828.0754305111277,-257.05156582720525
-2630.6834554364696,-287.3417235387288
642.5472356886114,19.217115855813628
-1752.2181011120774,-87.13417342939296
-447.2618391193178,340.2552022255812
-946.8662485648169,293.03151400800243
-1061.7815185747274,258.69812653314693
-37.293622328844236,366.4650165243763
12.964145622870872,72.5425737541633
581.5545864243693,-36.587685748381155
1773.3908634448233,-353.00394440788347
720.1543995654209,-194.90594206220473
88.72888301863685,469.8864777520311
-673.6521189837255,-60.700080948191044
2783.1370634028804,-264.8015591224362
-1357.834200032369,131.98215910563712
2178.9661646631425,-358.70928730933747
1314.687465959109,-218.51582502239287
-213.71402811961744,565.6881017199735
22.366548973610435,126.58080952431888
2080.1809750332663,-338.9492181955927
-640.3510606666233,-29.800790395937867
425.22855388967577,631.0473227532034
-1639.1456559346643,94.38517522637879
-761.7874230949719,231.5177863998568
-486.5083533948601,-133.06290210780813
-322.18607443561797,36.17687249632301
3191.815148929896,-256.9456282108655
129.74899227256313,269.2576743791855
1933.642735692895,-308.68452416734067
-106.71096006543048,-113.53256741733428
-324.3695737694268,532.1527719084896
456.2030891164698,-43.22797661034694
-454.34420428827997,169.51185701684753
1142.2820095216186,-81.38407289512648
1142.860041618035,-217.64841951207808
-3205.065637365738,-460.6550541512285
-975.1913392438381,358.1780695616836
580.5127007474864,-173.1191311553979
15.972317561548708,189.28928322627758
-126.69017474107581,14.67335248880456
75.04055411945312,408.22671161542956
2457.030454673752,-196.0867924491161
2468.2312503377902,-322.94043335609035
352.7023021174049,247.33709152182234
-1176.4077956881197,-214.1091004964774
2696.347100683557,-326.61406999536933
935.6293120067362,-218.905173174615
-586.0963184433758,-105.9851013688485
490.45350988123926,34.52127053533906
-2133.350400441855,-69.50445495526488
-106.56151777325225,384.36477053686474
-633.0334551049427,-156.40997999024918
-2681.4697921352863,-293.589431884843
209.66932409873039,171.51272198642937
1879.8558496831074,-332.2170474020594
1483.0467945900527,-87.36005989324065
-826.7992258260936,-109.9564517441778
-162.17069938444604,102.66564562124886
526.7230732240182,215.7148497182205
315.40539343508846,491.98485724126425
1078.0716181526122,-91.3507795767046
789.4520727331386,182.28756380804452
-1031.4293976104132,89.17557459468823
532.5083986870516,-6.457232062277912
934.0969957429202,102.97293474926788
243.15749705131338,373.02587975372563
-897.1785088622385,134.89304537509886
-1560.0860653036223,-78.655148949443
-762.9361759632897,128.53973096228418
1991.409041031942,-300.78865790662394
512.5243088897611,24.271623490863345
231.72626556907258,-64.52549371264804
-2657.7966247942463,-307.5535882313635
103.08974661028759,142.21387497049133
-506.3122934557876,-90.43424481769341
306.12718843946556,238.47577926827418
-827.6315086634056,-175.49437591524412
88.09906925782363,524.3751663853277
-78.07430984418478,148.7213987647022
-279.3132454264513,-246.73461862415343
-3331.475341113934,-522.545368768268
-572.3975182199741,132.1770641896285
286.0548215530623,373.50083625965505
-1073.0404039250263,211.67497138291958
-1420.1765557209965,-128.89372626026014
-984.6916852117835,87.06724537580908
1981.266975541015,-328.852437608941
331.4215749171444,495.42867095200944
1157.7592907123608,-136.1577823849004
-72.80236504161532,601.8661609277121
-368.77717039031126,-129.62003076356066
-1346.8749269171503,16.395067699505876
918.0410226457948,134.31364834127208
-659.4883410325326,78.20465485403915
2384.8553733901826,-237.35263413376106
-1.6547470056085485,160.44207917174617
1176.2573910973538,175.21946859242792
-201.3796776724469,311.4136094751803
-363.58038782975996,-229.79807241833964
-365.54789952052465,-127.772193337249
-337.2185351522735,-309.06723314752645
342.890225985717,101.35744578812583
-203.36507619163635,-76.8897295353839
-754.8771911461722,540.7034710825448
585.8825599300623,393.63735064334656
30.39485383608887,100.7671855845178
-0.3905623722696739,4.766836297155868
1312.060558280382,-244.09713779074067
1515.054311150889,-282.5853980259325
-3505.0298107738295,-555.8616370264227
-1554.532667501478,24.444212800504154
3124.242981409043,-192.2845846002105
952.9979608651828,-224.1705924833002
1030.6067453903129,-136.38199012868907
1008.0791787568943,-98.62049205982939
-707.3032287986986,18.28343758193374
-117.51213700857697,-199.5637069630353
751.7025103808832,205.2569046576801
890.1223369734871,-25.0219653187014
-75.13409442806905,237.4946577415165
-2771.892943817609,-584.194425359741
-619.1906578595327,117.45198737904127
954.2101155087626,-402.827333685003
-54.67414260568637,-241.90887029804327
1722.6890313491501,-105.55537074676316
611.1196178848787,86.09087012414447
1659.1679887463617,-326.64475609880543
731.0299881788917,-24.029128357882957
-850.7209468811843,66.8642570077894
656.5901539126764,213.75833506407903
-962.4850287918266,224.29344051371257
-194.2431074523737,133.42798689373922
1980.9029781821491,-396.8354149580826
-617.2523115453197,-153.74617550564722
91.82887120584469,382.920647426481
1722.6145986145007,-365.32102524491114
-633.044735821682,76.12407536386822
-769.6048594620652,59.86611443858675
556.3952241390713,-67.8791959767256
-10.652875539867408,69.64848695872634
1045.1848109139917,-100.93785651334571
-1144.6443667305268,252.40652697486752
-769.7865513542237,-167.7778224869201
-113.30857502694154,-130.82296907370355
384.50732518907597,527.9978764840761
-750.3918088856084,5.326193332539167
-437.75275430638567,362.2698361498379
-242.49057698134695,-113.50754562216818
278.67911818103704,-182.78599590635446
704.5835263962139,-159.51609972504244
-668.8318976985476,457.69832277413474
262.8780930819793,123.57526568691613
1261.5166014246088,-47.981453541699516
-547.4523659881293,467.79112231356225
1062.2565475055292,-50.03290984497618
-657.7521109783008,453.67219068148785
-176.96628746984368,181.64884938617365
1850.4809193547117,-294.6847324038435
573.6171545695516,306.43042011818847
-290.39545810725167,202.25103005949575
35.46083075272803,365.30475064024876
-2623.2667405308875,-286.16501452957766
-1083.0001280001939,-40.84230020046983
-206.93320372834916,44.94091985738107
-820.1380275993242,97.984774144786
2531.3691128857263,-142.5105430456143
-301.99340407213907,3.0198136083583074
-632.4048033412972,123.6331343998714
452.34352344549444,-89.17538321685664
943.7157013466997,240.28105450895976
-327.05869169196365,318.40848192045013
1230.8386125382908,-247.6173751219093
2111.397358738889,-357.8642667896179
2087.179956371916,-328.23824550221025
-1106.454344825675,475.1702224252205
2360.547779585343,-236.74297965948907
439.1025820767098,-164.1897918983429
-191.87540051008514,557.2142758131477
317.28669563918396,153.7424909681593
-893.8479883926678,15.953584682766584
261.2366730394049,-170.32930367758232
-112.30776324301804,248.78567953697566
2393.966586111007,-183.27201660920275
1894.097658546814,-325.9996837339419
-697.0080253409151,-228.34744976131122
1822.5328934555232,-285.10281176454936
-719.5184384245352,515.4508121738561
2181.0404968492107,-168.47744317492655
-1135.4219053511324,-200.3233510475871
697.173165611421,-13.61298321728242
-140.28812594913973,28.876748207248067
1978.63190847173,-243.19552849854227
-986.55785741451,51.83664719326915
-1669.150794257855,52.26590085213101
184.8684506063589,382.8029248766565
686.3915806119686,318.75719058687963
-464.71952644301894,88.78304538414817
-328.09404616705206,-94.50199655029769
-48.48941918532167,350.30139457024245
-6.327774682788449,-100.2473713182808
164.85811790864713,-127.8236135405106
2309.2192262396325,-341.8767531925654
348.3901314467991,181.41246536533387
226.7283135528675,386.30714239191553
-389.26329890330413,187.28852702880602
-3638.050656994827,-541.5013587082937
2504.4987739712956,-316.1533500145307
2751.6977010227947,-218.4669076669322
-78.08001378401023,86.28335753896513
-794.8111839188745,70.32445748967649
-415.5704790153186,434.96475692462553
1936.6178979959327,-147.69856221080357
-1024.3199154597253,-127.08773785681846
738.4447151966336,-144.4682963894825
1028.666225567778,147.69092441742984
2495.75350366658,-369.7259989881358
137.15603328958332,348.010719773749
-430.49617572223303,138.01408057523273
171.56699740465402,169.34948812960116
-232.47485176626904,9.16464628366372
708.6127055280052,-214.96823660145083
202.2504840658831,72.16145407019947
18.442254122030075,-108.48206936118588
-802.7611235563872,184.0282893273337
-366.2239227380322,-142.68994905040464
-563.9162749545251,551.3377538834413
-719.8009056108331,527.8546995006608
1186.2074914537527,-122.70836399746622
-547.7563574080791,647.0451867801318
-886.382465744039,205.93901523099493
-335.0962999883033,195.84913366807154
148.02175736908174,264.0043847197016
-673.4586491933746,154.24146886336857
1614.632995160709,-365.07714467086896
440.64654236537285,-48.43363915535005
-160.57688179490785,-57.14946638878619
-308.49736838656514,279.3518847770497
805.3519421149452,221.7239003985321
-988.5657248539427,-21.633373812498068
-335.7675409183386,281.51769255746956
455.3753398511597,290.6583188160544
1143.6729821015128,72.44227262129945
-465.1967021093561,309.55146971252395
-671.0775639127222,-149.78044879854403
-181.6283579005153,29.45763844098675
939.9211827356876,-62.509526595469524
-465.3559009307722,482.55413382564444
-972.3778460743732,-225.44295069335496
-980.2594172153662,40.67787229532479
3593.7267054614954,-323.73814879233305
-56.73530529101046,62.87039442046613
-880.7765290188789,255.64223076999488
884.7624404048842,116.50969994211988
1193.9143480056243,-252.69289644363184
-35.55442708025224,-177.14284560886406
1830.0542143932485,-399.2711361306473
-1111.6148499561098,45.173116136566435
110.50988080702798,-26.857127891343723
908.125201727598,249.99675581476933
1058.0362585106839,-256.56361648481436
-964.1918227321395,237.84410736938892
334.97907129203054,342.1497150049805
-3323.7077677255256,-519.8201366745074
255.46859377769877,392.8990384336069
2174.3522211009467,-136.75802091743026
2017.5701711567617,-344.6701811590617
-283.9707830250762,143.43555378168048
961.7416798535738,-90.43779044154914
864.3705892962361,208.6581337061575
-680.0583163716724,-124.89460379649162
1596.2732025703285,-277.2778566686098
143.66407149803433,189.91911469618964
-14.424792278718204,300.84287941744054
-3389.147386231691,-568.7576115662474
-3926.895401807872,-519.1344792755934
281.4797619541929,257.0172865556274
-435.94108202848497,76.37833120752465
2290.2957849809627,-245.0043039181692
55.64212956018655,447.55477346958224
233.51674465273794,407.1934007837164
-995.5126897442739,496.59422116431125
78.54527870701371,35.774049584479684
2394.943647577439,-235.7477067653821
-518.6725432878021,-128.31835174387828
-1304.4153222843022,74.15511471327979
-122.73737892524217,140.58383824341584
-436.14798704493865,-168.62833757270178
-871.4114974316958,357.0729685768728
-570.8548703689074,146.67603337966224
542.1938597061138,65.48774045764219
-674.922227332498,-71.15199070164476
-1044.2622843941751,353.7933861638033
-378.56106876648005,472.37740561150423
207.30566579103072,-18.351658197019844
1412.6307400316182,-253.25105686739732
-630.90942377751,-92.27252336710326
-636.9753107142717,452.1241576301306
185.35377794372255,-160.3537263032441
-1452.8493440459079,-278.3142838645228
1643.596396303715,-371.71323944632087
-399.02083992791756,-200.25386568698028
-208.61513302043969,580.3290499254714
1723.8791882006371,-210.91945720980968
643.2063790996143,94.92038054880472
-1124.5191710099502,73.53036363668807
782.2783375215517,21.368972327625823
-504.5427894607556,-218.031332135922
1077.6012537071103,-16.177103234492876
-395.92818623134986,101.99803844069065
835.1452364929412,148.3000449691882
923.7034010329411,-127.45234931810819
1792.0419611236332,-354.66416204235946
866.0598517303523,333.61586734966664
151.94923689339123,-18.875507606661387
1425.3927521702274,-132.29646456100474
1926.071531133251,-179.86160726813347
-3443.7406732106,-612.435945217364
1997.035758034418,-323.30783094669886
-555.0218188983055,315.9588717712909
26.18992799090164,77.3350661539126
-310.3347762695369,278.33513739481157
978.3298025406652,85.03323538183922
2214.349851647963,-336.68237874827474
1006.901826645319,-139.9271909930718
-823.0968660931619,332.9482247551032
3162.9395706285504,-241.35290967942169
-33.92807070039417,445.0933917346416
-246.7086147645973,405.5717503282757
-1111.6768151481865,-139.22052297973346
-694.3306593679127,74.90863054852477
-593.6542170923193,-123.37414736295523
1732.8442726212916,-231.9529428985976
-835.9835512130213,334.87833496389266
-247.08459995108694,-123.03167828280269
-99.66595301855686,606.7704579094134
-483.1391365075051,202.26606816878385
88.29456453709273,3.1164381517841675
-1463.0288286244365,-164.6425638483529
1833.8030207161082,-394.8965569447511
-323.45891099761855,-259.112730443491
-245.69083284265204,264.0264514643356
-583.0586260284663,-38.06852810286156
303.8501284893732,475.05612155991065
516.8425189114552,0.36752363717280706
948.3975992094481,-147.758738980826
355.0741353811257,193.42567614954888
-477.42195925860295,609.6693493205507
100.0801864827274,-102.56682259447881
735.6804024980627,174.21744229367025
-45.821392528449536,-100.0022616289955
-81.09320817237005,411.9827399698369
1049.6094027386896,-2.855308246737212
127.85171789181707,-62.06180386127234
-281.1923204382475,407.2630264060923
72.30662747256186,145.3275728497907
320.3534834943097,432.20176604232023
420.81756493065086,-32.32985472119338
766.406979504001,209.4392126834777
341.931989755737,120.0117332388252
-1628.7820027540686,-142.29098553801566
-706.5771160019317,-187.36967951390392
2079.4551409110013,-163.22735166268535
-866.1139659825146,334.07800625464427
-1182.173775399597,-225.52426644016944
-1413.9996927826471,0.3189162824779858
-135.130469869098,53.43511133182395
-1123.8844250606562,-187.3641322940233
729.8900253708397,23.1490864734381
-1239.5019821889052,-151.60632036248091
-2016.9852043468443,-397.9064694513205
-647.2597066848093,385.34145555158125
41.842699820295316,7.058446138352432
261.75189218213495,292.0566257846232
-13.000238074020517,65.27279616415784
2033.4249107336075,-164.867737514267
-314.64660880144606,-147.2024627467127
359.6118073449021,435.17814570196913
1717.8888974969157,-348.8762169446787
38.12301852119926,-169.83531166736074
-99.16093389457389,465.94735358191855
1948.0532423929517,-327.16469315120975
-1963.4046911332514,-281.7364565306367
137.48932309097782,158.04215101767693
494.3646238481177,-179.15698343789742
-209.36717370668674,487.12498404663484
-143.41906043856704,5.682682531197987
3140.383754994823,-217.6272007746749
-941.5535359902045,-198.60817357985567
577.1168474914956,-57.056120624295005
492.71847196919555,-129.43619143040166
2213.9713182765845,-192.67538940362877
1703.128411816486,-387.30919363427347
197.57896564021675,-10.733722181493944
-751.2106057836029,-165.59790222045578
1003.0299517749756,-177.11220647845843
-359.8521420526068,-170.43739918916464
1993.375048454999,-339.9980648986703
-1088.7239212657976,139.96726096840797
-381.9709429836808,81.45428587172177
275.20623653779603,411.38129432646076
-1157.9540164315463,-201.32449015342812
-2935.780674513749,-397.8091929425072
-208.44984813178266,-173.10902274785465
-60.97902612538986,119.21819005671482
281.2413329210086,-475.1852297436054
1340.6170722071254,-96.07231153206743
-901.3770181935187,7.744777008459582
370.47695221378865,91.59842983926616
1554.9003992662986,-287.8189928093062
2431.8012854573058,-344.4599781346536
2486.559813973851,-299.9788727716868
-357.82661584147945,419.0711084571327
277.2609935667226,-68.27706381380932
-229.2651390975529,452.48168956500285
-339.9359245148896,14.649540177908985
-613.1191752166424,-132.48869031637264
840.6405722219898,221.3929669502558
382.7750491520322,316.78624302700376
120.25742360624027,399.9408045639445
-767.6609230208086,-24.51283969337549
-1023.0139274204844,369.5007187597574
-952.1837882227601,-161.86211664195002
1371.1826656307687,-255.72778219254212
-530.445478110743,-147.58524351037337
367.87756423383144,-3.524396161033903
-1160.294369366824,-45.0869668023642
-290.7858649865883,-231.5446094016904
-683.6827592388344,368.5599828682246
1526.922707665646,-368.4617494338954
-181.52194900141575,620.6375978228405
169.02999703321905,330.275544676464
84.30675402464996,-156.81471849861762
-684.6769653908045,174.7813163273491
-1070.347700119182,-146.79515546053491
599.8209080665325,-46.69622565455937
-537.940903213399,170.91694035607497
-215.96694014793084,319.00788166204944
626.0234353626934,630.2680310277522
1501.2510098430546,-322.81192785282286
-2623.5843001561457,-285.9296949807593
2970.9955840190073,-234.8204474484084
335.1272130325383,56.97748031382445
-459.59658620690715,250.42617331899916
2129.930826442776,-319.0993298137011
-462.44187251565154,354.7040916162393
399.3343829366003,-18.52156055727708
1117.1857951288205,69.01528121313602
-634.3761985023739,305.6889004687963
93.68695373986407,-69.4200984796476
890.3809451989598,268.17169052946383
778.1941148923036,125.62849399069142
-228.82809264193654,-20.61426155474036
194.3228450110295,26.396051450439806
690.0555370088359,37.251978752554265
-520.0290033696418,224.21860476938832
-837.8890684475608,-221.74812518288832
718.7061275246058,-5.131929661849563
-650.2133348806562,45.39416452262539
-42.38242053114972,92.45151445456477
558.3417693618607,-51.37441073086204
1670.4700913216234,-151.52021905891496
520.0603444910166,25.904190579928144
-580.1067034883481,-30.069970048000112
-2854.6889595105436,-335.4535649468625
-507.85894197463574,-132.33500374801045
591.4148077937766,448.0753836709278
172.43131326446695,588.4551181333744
113.12330058847398,-17.531606248853638
-2680.514855254972,-301.6391986855805
54.740573208143616,249.10812619396154
583.9919800657948,-35.47447396226555
528.0022185133939,-51.931513119966866
-168.40172219956943,-111.00732454153157
883.315389928793,-72.07401326873622
554.2059858775494,-46.190410111391174
1687.5781551706523,-255.62874994453716
-621.841101660603,357.69398270286314
-317.47019692244425,-87.52469111320184
-245.9500458819243,200.32269247253282
851.4652498102168,115.67717079069155
-2849.6137156221575,-394.91173696573424
-2623.1547689836148,-285.538776079499
1575.8380557501343,-203.336710248472
58.3145427520819,-49.18105809900155
1171.5718457676967,-30.27032314090295
-1658.1187741587885,-40.42876239053073
-138.30224498960004,-159.24999528604428
3125.1662694745146,-196.08485897588997
-382.5728515599244,-143.5980466954044
2859.8213382429094,-305.7214949319037
2535.4712238945654,-285.49407019761554
3135.090804143046,-206.71497379194238
-449.7596855183612,511.89588320950577
-1123.4386330685695,44.130997647922726
-984.9899378930944,-55.521862789413014
1709.4649914301724,-254.88819422373777
1795.3801876601854,-348.48176963701803
-460.5268508671354,306.7425005013232
791.8618783927469,-63.61920516220306
-1067.4881850148265,78.23586418181975
2012.728883328843,-127.12244623628361
-484.08879923554497,179.658762377627
-1288.4456495115917,-43.73490586823922
719.3003463466723,28.009451881183992
2009.4600583444858,-129.06811433500496
134.54166551170704,93.78428088915743
2.626270160164568,408.10679256026333
-3353.461311802684,-430.0764716881036
-3650.6962759788307,-603.6844901710308
418.42125431928963,80.58705710258494
-851.5618397526888,-164.3129935596053
1511.453368776148,-177.74848678586898
-1231.4470666280629,191.56346848758298
357.36354887921186,458.7755227058768
295.65264261341963,171.81332364099504
3138.4976868849853,-214.50268005603394
-1044.8962432655728,-252.86317638296688
3128.273705758623,-195.60393391452567
191.90922132593673,76.62559245728897
2195.676067081091,-328.6203304895818
-1119.1886101819957,224.44381624106336
-641.4151189666312,385.6834938697597
-378.3034147317292,474.07887416155774
73.13467507256405,-88.98465405819955
-1105.0091944078195,483.7401400464587
146.6834268015015,430.9349276366599
-1147.0221280471628,25.27467707550211
-561.7395328050865,51.36820098419862
1969.664006549834,-380.5319580307415
-2700.076383100291,-327.70354518074464
-1913.397571833387,-92.828274931463
1156.2072120240152,113.63457185886983
2474.6089023399886,-140.89391006591077
-294.35197512128207,-110.0993604222374
-3528.117080257281,-530.9743762090368
333.40398949977737,90.94100446484923
793.5516934038782,238.2516399334715
419.94209752283956,55.10086176502382
-620.2665390314081,-3.8209922862546253
288.11202439425756,-92.49686246044905
295.57593921379413,435.4463793456412
-1073.4682339016301,518.573485563746
-894.7995767749336,115.67290332664942
488.6722020330701,41.75292306533613
407.84755075597366,329.82413468456417
-1727.8797825154297,-29.717471457693772
-365.29529747517387,-152.38659087302545
523.02859512579,-9.934968522425192
822.6273494062311,-110.72293029025104
-3253.1375242859394,-468.7530485174581
742.971460705143,280.16987729916866
1442.143759981641,-92.02655174586985
930.4020138678275,154.70327707595172
-742.516644168506,-287.7383396152367
-201.45440018011072,198.0860931382497
1114.8268907028391,-28.16777625873075
728.1358564009491,215.294674344065
-187.32450578656807,-55.86471333648995
506.696768639973,-138.94018902565855
1964.8109572392646,-366.2589440569136
726.9225725271135,-56.199557022879404
-3568.6957665003833,-518.8077630056255
270.70001504609684,168.6483227048143
-324.52953828604007,131.441988574747
-1562.9104225289373,-1.350293378250001
-2.3557841304102554,353.96236557405285
2232.02700825504,-311.7822173853322
1131.9091359886902,-209.70037231927697
-481.26943410902766,629.7366492790355
-894.7631806670627,48.60522995602465
114.51613743509746,220.10290908778015
1587.3780770796907,-206.8169719300697
1927.521651177783,-221.64491132068628
-3931.3145066828206,-570.1417723982813
-409.5886147519385,212.08301774042656
1464.6956755318479,-203.048188318419
-1502.1931258445916,142.09335873532615
78.93309970719625,551.6882912861325
610.3613260769654,-65.89087157503003
-27.77626068398386,6.072430714193942
1865.3372875690322,-283.311990651634
-412.0808289396538,229.9383209273866
-483.209899758791,-66.92995422350279
-1526.180667734833,-73.04657085677559
1558.7102343105873,-255.03127481023
590.4552469076672,-39.943722613514595
-104.9326341106217,319.16753919225584
-378.7139797432928,18.895990085181634
1345.5581821555763,32.76137831995094
1016.1695800604598,36.92881007670985
-97.17357502538522,113.27704779992789
-2828.3172569514036,-314.03817693173994
1644.4105662008185,-159.60193227036586
-700.4351706432275,202.62139174235588
53.31673983416965,389.9004025593825
435.3360580623794,289.756600096741
555.3599336140422,242.1424185213575
2113.953129034486,-230.06097128415783
2143.430869994267,-315.9746573095199
1887.2039145545718,-229.3042238158613
398.0187802527068,37.667244320550246
2092.8943535578924,-309.1560971160682
950.738722997417,-63.29535031186302
-3496.2586348839573,-517.7798499899728
-665.6917722885718,-172.15031278579582
-3437.3302947377124,-600.4589745098302
560.7931181050772,286.06636025141654
-2872.141889965459,-351.44677685015904
1701.2218748380014,-355.44849016341107
-1786.4847419717587,-32.88551756018623
-155.64227980779143,506.76897471195826
314.00171568009415,211.4477287080364
3147.0017818237807,-209.80347207771786
-1486.8730879863588,-7.4560578427781845
396.92604938603756,-10.976069879349618
-93.02432530155149,-62.85329926843145
710.1658135055525,302.60955753547154
-385.98406041945435,109.80692665195586
224.24209915014774,225.4830377187688
635.9470565952716,82.40851538619326
1361.7585674734582,-312.99956460186496
1140.279384016765,-217.2143242777317
3335.873219214859,19.07463075197031
-590.4396826065158,70.84966821492041
1813.1919375657017,-205.40674655414062
-463.5368225887983,688.9948746861495
2784.821815363513,-251.57556944131827
159.07253097868013,151.2645225697657
76.1171638647285,609.6292417833611
-1203.5677172435605,-160.91441833530976
251.55968879159872,-58.29874224691887
663.7770228329351,125.50138799084478
347.0467563035392,34.710958395975
2453.885248711551,-291.02199891435987
-907.7434337610975,-151.5754750377461
1821.9187040674083,-368.7588751771899
1797.402450857258,-348.61793408604046
-995.2562738717852,53.951085872236916
-2629.0485185812117,-292.8870366580362
482.618676451409,-82.16791142927717
-958.2139583334513,-149.75217719740738
-548.2610737176435,416.3250446467612
2105.317343153507,-334.6923336921144
823.3641670878974,-30.163436971581287
-624.163824661823,-119.68821067748434
798.9653254386774,-199.24272890467338
2593.4918912818257,-227.71115610550314
229.2423860578504,291.8303834451182
334.7692369535944,-42.86365427124548
-2619.0510111894932,-288.0068627228924
1541.0424136816382,-272.2460145208652
52.67857468629,-5.9725523565152185
957.8740261145775,209.25299943560125
411.8666029167532,234.30072647276523
-89.11301914334285,267.53481495534726
-1208.084573126504,-105.74310423512426
70.0742790262898,262.9222353823845
-3482.98046031197,-599.4491957535217
610.6105370206591,-151.39743471783584
-1162.9828931052116,45.1924713010296
-110.61156120205895,653.0572813022823
-1268.1505748054958,65.36790175410214
-2857.299476138996,-396.0550010600738
-262.764838536627,97.34033908647996
-381.18965422615884,-147.8299947581468
485.85365735042205,-6.757943551272516
-1274.822215433453,-137.4607509448263
27.98727177935411,-172.71628161102288
-1047.3225317194285,90.16383011844876
756.0454724791789,-257.5502977515043
-332.21644406430767,170.24396720200804
-285.3094382863283,176.2223792130891
-728.3487974839637,-12.058773429807788
-816.21052005634,141.13890459619822
363.7040202984093,-93.9914952211206
854.8753443938733,-264.7144854895309
178.97137836583065,39.780667244461625
-265.0536017496145,262.53318575553277
3083.4859690980807,-240.76351263717575
-503.53824001644136,138.0169490636724
692.8445447624383,76.32206221274501
1365.0367987895195,107.30782369308756
-889.2932166881345,-174.73577350466263
-1000.3759290356868,457.0201334557043
1326.5984872472768,-290.0649271663122
928.6155924005345,-165.79264695448785
374.3261426950142,674.6514048404575
2256.312373246372,-297.8209325636451
3123.531907135769,-193.77474556486754
418.2332208103916,269.9898378661605
-306.6857778233949,36.61252229764334
-1235.691334026996,149.4079785476366
132.86806013550827,507.8811505215018
1045.89910915437,92.35396970095243
220.67200328637702,-15.87287253065636
-3321.2548358147965,-519.3155661345428
2297.4266840467294,-329.8930548597589
1766.0096172023962,-277.40576348799635
780.2870299409557,56.88764744166822
146.37940367744613,-219.9137876868537
-320.5279216363208,-65.41959342788083
-62.08581569925276,35.55468042318855
-649.213910049884,46.06228685437994
804.196217768668,21.141880429770158
170.44580273277492,451.092625785152
-252.72211353451164,-170.81673559104792
-3319.8311949432855,-541.557150847747
1566.2673364866405,-332.7528502589741
1911.8172491598698,-365.1297347603341
-617.302093873594,-112.67038309753978
1735.012832919267,-370.45748724783795
1309.423057809887,-187.34833624985967
-314.0033103969751,289.1492363355401
2192.1214523073972,-349.75360124432507
-71.44951145411997,27.71085967408647
-3087.422927907131,-670.6017027732807
-301.8906576484245,302.2236524127021
347.7418442761852,115.49464759568775
1646.164292329262,-221.21789431176333
992.4668109694534,48.07569871429911
-967.8728924101076,-142.797577230875
1068.5148336281343,-307.5461955528217
687.4111838963627,312.3633756029881
-876.4629053231859,126.61844012056108
25.745403916507335,26.105022217043427
660.3548490721781,268.571852777763
-313.5442486074954,281.26701589703225
258.14810150413484,148.40492749459906
-3.567749857344111,156.12280748971332
-590.9800466619138,292.47393425050257
-746.2281199330118,420.06602391125887
-2395.5400744094977,1105.8994765526356
2393.0545826006987,-330.29962433435367
-4.091725572345506,13.066581223592925
-241.0890445588944,265.82197008087115
28.477599837655795,-170.80561157709462
-480.20177788582333,216.4936628245939
1841.8800212786487,-175.92745269670215
-1395.7434295769879,-59.71629652748761
-872.4664086678526,-119.74888088080694
2339.2720104117284,-232.11761037875354
-613.0283339535308,-120.6478292763574
-34.58120286305458,365.8612394083408
-1110.889357276855,72.79072889580982
1366.9420050588021,-204.9356392267085
-724.4606395585206,83.57055381553123
2430.579796727161,-357.5294091310602
1736.891987216466,-312.39042657356663
3119.660813032151,-197.34631249231964
-565.3888662698024,530.3753788791101
-103.23417177557424,562.1469064134789
-3334.803183815547,-507.8248626616828
-1073.493174863478,475.2799467083965
-2777.1298594175423,-582.2632825011426
2876.531308742633,-151.26401618798036
263.86561551514313,75.1982052132597
702.8042462953093,-29.88053223062229
-102.76129363211611,363.6992217663696
840.2827800239438,-122.42211447614027
1715.75783610465,-267.2954374931502
-1032.1124640865355,137.52190040802242
159.79594117298348,27.97315737503613
506.39571622608094,419.26121490367615
205.1458092559482,166.96144497515908
-281.2169900439092,-29.016264522449756
146.50690078516106,275.32058616447426
-1279.9299943096148,75.76943260167134
-31.743930232117258,57.89938888002396
-390.89268713133106,-140.50741491156714
-268.3830129702636,39.723443484662106
1637.975287158153,-320.0364115959552
365.9039215747796,268.46058031720065
937.4035274539759,-253.3454039086532
-1539.6203240373604,212.68752565528794
819.9796597033985,-225.59204822001905
2333.99182457847,-355.7831255604353
-523.1929131050239,-115.46705642755718
-367.65734632068524,46.51055970534858
1758.9074642871576,-346.8418463752734
-109.16413599988448,368.8548238299152
1415.7597171726945,-195.26702570382673
-90.08058397696725,313.6251394459843
-282.50264689774036,27.28140752556528
1003.0245679332988,-16.183485978425733
2536.131649984351,-228.18502162238798
-59.01134274178822,465.5439402540251
792.6841392068867,-252.07097458426654
2381.7856779959234,-215.7043217406967
2700.8268737343046,-305.31035422722385
3055.5198159988454,-196.84139690495957
2208.7505675795796,104.56251685184854
1018.0043934593504,-228.26397446412997
244.53842935169808,-163.7033924368073
74.82565612128337,260.39443843681164
2097.6113613269463,-253.19547920514376
1636.825928386403,-277.2850436826325
884.0487052890517,213.61888295423242
1116.0724163491313,-230.05195282161404
-97.1243338491148,154.606832760312
1171.9313125167453,-82.71010678500365
-1538.062837287487,-137.4956587282633
459.4665464897495,-92.13361481832435
-1112.9664509449356,-216.18643078796998
154.26065283511264,527.6719732008306
-2984.49953264731,-397.78864024131866
293.15247118248976,-39.62812705828221
-642.9786849839984,-132.38048393148011
1608.3968724309564,-105.46599429711544
2285.191167299749,-213.90306380671473
-173.67878090935835,208.44342792630098
-249.43504092125056,114.46754423338079
-92.3565843473436,100.1002551505021
148.4993479967924,110.47750478120462
-692.6525302606497,84.40116609037389
-105.5087867016684,531.2315632535556
-3161.5983115562267,-380.08034751650985
2206.8152224191977,-341.6025137830579
896.9457620899692,249.91632818118873
-93.20116239446254,94.37486841831819
-1004.4012095761334,-115.1365761422535
2519.766047936173,-238.77978747986091
-1032.5847745789683,50.60462387652649
-1281.7708996491845,-198.97634568890138
528.0075043418882,-14.43641531508992
-577.7642889846996,631.8428970722
-65.72512526103893,-76.34902638271492
414.9820357298076,-220.5356309661466
-1796.8836966393349,-45.10362646904447
856.9486876980255,-192.37518288559139
-1179.2507127329804,-209.84356864578143
-1604.4845449769598,-71.93098417345439
-105.98352447860412,43.11023833536838
26.336192959377907,-44.598033845699845
-1022.4410995944039,93.83686309598995
-610.3260858542728,13.713939227186454
-787.9519844673815,46.850916272277544
-421.2647192138158,-70.83036412062766
-68.14024198783868,-205.65330531903777
-100.36353713005039,6.440847236721035
725.3374773421355,181.19501362395889
-285.88374550098195,-257.42503257739145
1192.9543621995178,-195.9235674810144
-1071.5272840475607,111.83917058323959
-45.76192448192323,679.5704146458395
225.1007829027258,89.22538149438617
2265.457907512379,-264.8124489349435
-683.3620406787518,-116.86137638088711
-293.1201492154762,-66.72861591922262
1540.2647499951615,-293.47604253981103
-935.2785036660675,-184.94306839439312
-514.0516986660826,35.30709073938499
-64.35537140369664,86.55890443508845
2411.493580357656,-264.1255197868782
-3249.7258418789015,-492.56111089103973
66.54577050851692,141.68908985580572
-1261.2164010678273,73.85283448242802
2334.6449222383962,-247.30477740728142
-45.919110894082856,262.6274862910496
-304.3653062877427,586.1684131654188
2350.46291135431,-197.58609987362124
-537.1403171157136,-47.9970271743002
2575.1769752067325,-307.16664302937454
573.5874236841136,-53.31491803548108
162.7291298546694,522.7442461842048
2235.209728634253,-313.6634159961036
2365.6095288613947,-205.04439315108118
2548.79435842048,-238.2007610079306
-28.300250711390284,-11.916802359064958
-2634.7119215293305,-555.0030310646167
1825.1912624455972,-374.1520253098295
-1013.1445366037728,18.014826184942475
-277.58339666028087,125.49537360672677
11.401471207014119,363.59537986730976
1952.749374544731,-113.05864308515969
131.89444977221365,-97.21668814316406
-110.0220273948187,545.5825511613064
270.29129067538844,141.11018091045827
-457.53646206568664,-90.32042994303085
262.62073221422304,-12.560561587067715
1109.6267798025458,123.24568836605845
391.37234275790144,-17.90116979488835
735.8657394683637,449.2837616282404
-192.7235176420093,290.0216689635614
124.11794189834121,127.59122867957691
295.91725787824026,416.35545401427703
-790.8957756506428,-105.48745097457623
-7.284858735334869,52.12715115273076
1901.102652892336,-358.6101628005464
-647.0421371163125,388.8844611176895
1699.7738600527593,-337.43935414155425
-1357.473178168311,68.14514212089624
1511.519126556463,-360.98105778144145
831.0844985494789,141.3676813153072
-642.7929384526825,-160.7554883363903
-2621.269367963116,-284.6577364124358
1470.7022153739422,-124.57311237666771
-967.4748995964409,-167.31274900091606
2176.418847625655,-326.60899865683757
-1443.2744400031115,-77.11061132133545
-13.428050723257101,130.22087608993016
-266.17300617312986,-154.0837985857454
-1180.1650545437208,227.62309793604493
175.7930934010556,-138.5904091885508
-108.27945738297481,43.705193656810955
-132.10451894035745,229.38998807950912
-1035.7959172695619,44.48142969228659
-592.266759219932,438.0457800297416
-685.0941448530361,-144.83362704033647
-1059.5187528918518,-128.09617928433843
109.15154140159716,-28.72999631819226
-587.14024529015,258.6504423512967
1486.4006874481036,-166.67250362964384
8.876303344289287,559.4412255511646
-1334.2570781566235,-196.5950418422666
-1430.7834339039332,-113.71413658626408
-401.0715245896269,462.40218112079947
-122.13990512697984,-13.27229176607354
-3550.661910172004,-633.7519267751564
-16.52011224087757,263.73849338376715
214.86681207262293,123.72356835370675
506.4969428484596,-13.054346411756676
-730.0611068474232,484.14336133194905
12.684585859526901,4.759835756158114
938.3714706003768,-12.711292983653717
-299.3547027642026,-134.07817322090258
-288.7557251468207,110.55824213554085
-2748.5418891053796,-396.98946114730677
-373.3606893160655,-305.3533216125205
325.61492906282405,100.05396380221818
15.761755297362022,74.79917503576844
-3091.515747535659,-687.2273947140529
143.76054275158984,166.33856189942645
369.8889453680612,371.06491853071657
-46.067686270007414,32.27833151256342
-368.50123433775326,116.73795015726618
-600.0373696778614,175.62011749654363
-480.0115524686424,-149.23968249268935
-1331.9862353682106,-51.3577707359475
-1893.4769975561626,-191.20688656286342
2057.5300461265238,-394.71735620129385
227.7570592553196,23.1366680180168
-234.12832305364478,36.87103880002181
-614.5111523995362,-173.32745922740284
2105.5930477676734,132.0249697746042
-3320.0455628977074,-519.6730607136766
397.31364077837156,281.08375902984557
-3304.6983944423596,-526.9315657573613
718.4531131953718,380.8924412364012
1450.3933703211678,63.2858660656188
1205.8617218430306,-234.76945214262793
1911.5461759039788,-345.87229043582033
0.1673406459861096,-153.54443769134937
-14.702278696399063,98.05751918019223
3115.3793990851873,-195.97269351636015
-914.6679128214223,-180.333019052465
-3322.697918592558,-524.2893021614497
-284.1652241146242,244.39397231116638
-227.27193333929662,-241.33611188230012
-2318.6280344784836,-191.0999783356864
281.4267479825348,420.2977826547698
2560.69526413057,-300.9098023319215
-844.8380709217132,369.254037973148
-2915.8116235156635,-398.06975290168396
-147.2197167173768,-122.56197798143974
553.7068370220718,-198.73668839261614
224.4519465553171,254.44142924188333
-385.411909222452,-88.06336953871582
-5.1021989964110315,-123.40493989882339
1842.6835072039084,-282.2110784371003
125.81538370657027,188.64086260393867
-14.634390581720407,461.0709094991179
2126.1296947290616,-273.5616286439881
-1367.9937395340257,-208.17477118440857
1422.7423774141675,-201.61001416244014
109.49217010543917,-85.88573263555573
-2822.866627424523,-352.4251018276
1349.3549724908999,-175.7245237057865
-187.6437767334861,-163.68975599082475
595.0289934759533,-70.70888457563498
890.9175910344757,-140.51833922003854
-301.3302694347004,-135.9562450012293
1207.1965691853638,-372.6514232106483
668.6677804845128,101.84190385228611
842.133954026559,-130.12842042001682
-399.10810343519995,-116.07488602903994
801.0023508724112,-235.442702299802
913.9353705746537,70.3835414129347
54.60108164488171,365.0253876945402
-310.3223234040474,-61.63263615810486
114.16273464596804,86.3913169985473
-210.15019625257528,16.896228694439138
1405.9976306537344,-53.22397907222618
2449.180675480231,-365.6610744424387
2471.8657978691986,-248.40927287853992
-23.330387005665425,59.54240813456318
2995.0704974038954,-193.9156285505623
26.433896702846397,166.1665464829554
1918.0037121576574,-330.90776269455375
-794.4918803781022,241.34864561570677
-624.4706888969404,360.6839354116689
-663.3362669078105,565.8083239927563
857.3081831356733,-137.50461785205272
257.4799266728777,105.12016156095598
-311.45129560995275,642.3021415250363
522.0288347490268,-31.309743047329054
-473.56837537475684,151.02317075612865
-109.95268362926218,4.5403276571833935
449.77449730831415,279.1331736620218
-3440.2571577127082,-605.6379189228024
-500.7023533712524,197.73585243746643
670.692101657241,166.92069136032893
2285.986413344788,-205.51459256477492
-906.7042600785538,-256.27657748320763
1777.1212190827703,-349.29246346829115
1727.4333250682316,-281.9928690073379
1489.3351526006952,-368.4789726915702
1838.8300432019826,-287.7531932062582
1209.4220279682027,-182.10301767806354
-298.83959049524236,363.37687762486263
729.277435583326,269.8683088206839
-1088.946716865361,-190.38065043034626
-197.0487781946325,258.8805595080882
-1185.7760497911356,-22.730651050624473
-846.5088418593389,448.59167891559815
-441.21844772863705,136.68143390806736
-544.1600788520166,15.014097181700892
-1255.7191282124027,327.78694303539726
-252.90943587995858,476.85062684000263
-678.2749861719456,-140.83956412827325
2329.2571049572175,-165.9699490960457
518.6568589712824,64.45633499667859
-768.6804706356162,367.3961508309485
1256.3568697742628,-216.82104875252116
755.6094374549908,-107.60888512993638
-964.0235542703662,85.80774478285625
964.4004184312877,-177.30765317936988
1191.9525314262273,-16.505096925176055
-485.6310292071059,-132.5242076975769
-507.171051942306,-150.5159179992281
2453.4831112618517,-315.0135082215744
787.1368086210708,-6.135302349718982
1616.604891528083,-217.8348344890418
-18.13863206560186,439.620031571659
2764.263567540302,-221.57618532080622
-149.7682344538881,36.12172376241852
-1278.0170743307253,-8.628541481674263
-3145.252375804771,-433.17042505131474
3131.064157709621,-196.6877808558196
-659.7765463937235,24.67158999780224
-641.368179192692,355.02991851472126
-579.7327602030526,-135.48063362409667
-259.62473144067934,59.4865513030011
-416.7583327447758,-109.43142861329856
-790.1686328005354,-109.10244103152127
2123.2295846333377,-347.9600654553496
105.79828613734414,-41.80741503423471
1954.167347815361,-348.1365102271924
-3312.3234173586957,-521.5496740690891
-181.57908731055437,196.99064835653442
2624.27706502392,-296.72208725459956
2067.350393109825,-304.675349532408
-490.7865779452782,143.4088988388788
1132.0708926992681,-121.45184570224758
886.9864584595143,334.0388815022215
-277.74384813629814,53.82161094975761
714.3799314155686,642.9908643144278
-1191.3974026844326,237.71952087897003
57.29346686984785,-109.02981077401658
429.9924126029623,-221.33117621554658
1181.3720293563053,-186.59194901546394
-258.0436415924225,4.391836803508777
460.52570901356586,545.666702584691
846.2765048000905,-38.11880360879857
-169.62406920401688,-221.32249198229556
-759.4341326073551,209.489154137962
-1542.2312349610963,-66.79241020980399
85.44582578746223,589.3287652430513
605.1379127131353,287.7811392709267
337.6584692313174,681.9798102955949
781.2608680515008,-134.49421152468392
-1007.1263490384871,223.21264637068242
2020.7262196028069,-353.03306698494214
112.45923500286158,299.3797760437061
-124.45202157898254,-107.99482853584526
-158.63982267163627,-90.6039530003464
3124.302004220497,-194.31899289895748
-208.21734311153043,-110.92300717632556
3129.643451263575,-195.60557684688527
345.3394471663147,8.944071878074482
1075.534207716577,-259.7312888609423
-413.1426419721303,-115.11143536807039
2230.043814436238,-391.6370936002482
-2620.3204633092214,-284.89597867281134
195.71345392627413,6.8532920138835784
99.00085261121068,394.7702352081896
996.8887947443149,-202.07286721524494
-1685.9368143769825,-92.20114622685306
518.1434297123513,63.758248290002776
-133.5202037429915,98.57002408439696
287.90835937395224,355.92271673993804
582.5183130235857,-61.77891445224725
-607.8406083002996,66.48424155996128
1907.4052694422835,-385.10670659298853
423.3603673292541,-33.04089814566833
183.2452022505791,45.706067275999175
-3202.939432554579,-690.9429312299279
1901.1939331113556,-375.1021530125496
-817.7220445254039,-251.31336103939236
-325.3467141844613,-144.9201825838637
566.4517788564476,-137.49854436816398
-2601.7906074343114,-285.58632759441963
421.7070790985253,248.8517933717713
1902.483888186703,-185.2594542569141
-773.9932708792945,36.18219868684852
-1497.4083806830236,-0.8029167149996281
-793.1006446212303,-172.2122747230113
-541.339834816537,220.54154500855722
-708.4421789159067,434.76231591623207
2349.211502724669,-356.61707653214586
-826.2210652943833,261.37092132385493
232.90624116709034,-118.40244065831381
227.2875358568447,363.37058539752513
793.6505423127732,107.79500602554602
248.300576483651,-25.20222167391202
346.9484552588893,73.6210057206307
-229.40351056283697,145.9451596184956
521.4394038325793,474.6638895861828
697.629513911707,30.15436670580298
-943.4624270836098,143.33079514312934
551.3383261456728,38.20154698867664
610.5733547895852,-94.97602224215909
2663.2115428428942,-275.8227048927222
2651.4035227540753,-178.37831805175114
1290.0502528459267,66.00875729344902
1976.9335269389092,-368.9064623544731
30.906539492568314,-73.18718104753653
-540.7826237799884,128.07913395551853
3139.6102268207205,-213.58186462079712
-1337.187706957518,186.55373692166856
-1172.3913856770648,103.59784769379029
-418.0640725287287,238.73062797908327
-2049.4056192959883,-191.16930552143108
-3454.351898046975,-547.8535906955088
630.2268915016086,92.64668731325547
-1224.1689172663491,-184.54894562426563
327.8817144274239,92.2679475884176
134.04228575356052,-80.50040325872135
2554.479788893845,-299.7903011360414
-468.7771263755095,-113.58572974536648
-220.97144409061806,300.10870459269825
-474.7315834694762,-49.62386802403648
-963.6875223112567,79.7903507234189
1355.8262670724594,-109.41601642291232
2022.9918331206209,-210.04169447102515
-906.2392927520333,-0.2573709502767741
739.8813216436564,40.596794518493034
-489.84797945244503,172.2563597683245
1559.0366855996065,-206.2258016139144
-499.7912935405126,4.443495630992048
-449.48327244814544,-7.225392286665305
10.610493180801528,-178.04461838361553
-791.4298453186723,-224.43382780837626
-519.8077816358348,-91.51227498755068
2114.5773436297304,-150.37085822978057
-950.9119455587571,-157.7712590807485
-3672.9715655203713,-537.8560509617181
1117.0685740472968,-71.37737832701131
978.8486844358761,-130.36921257052393
-637.1287076428247,-175.036423649581
-1266.6433510135469,244.14934022476024
2312.3925009110353,-360.78641715836466
265.14778878851797,338.3886825094137
1198.9557331594438,71.54218181991203
125.10189930992918,-44.62874635511223
135.0250420239449,351.5753095641397
1717.5299058206551,-376.27196935833973
247.25217383243793,127.34131200306769
-2922.2665078480704,-335.9172046865865
-2746.3573412223836,-398.24720563415354
-1047.0776108293037,-19.334567185203724
149.32161636047135,54.46348458726856
-1073.2327775504511,78.29978665899148
-887.4127446804358,134.6775337418685
-673.7347867256966,354.842822421887
1390.153100271069,-146.29404677252003
-369.70785050398985,295.33608517464234
-850.8245356745816,170.8498325884442
652.383286178654,47.413036606828726
327.2257497261885,277.14388403392576
595.1539567441707,626.162365305101
1739.496619725642,-320.93555266274876
522.9226683925873,101.17122017061632
480.5775201384283,496.1909164446842
-179.33733253006844,372.6796190435927
953.282386514165,346.8092215115389
-784.8534726875044,-13.735413956562944
-1253.949901158081,212.31079536936525
392.92544692619026,-127.59211277334684
-744.3468651412111,90.84859355323128
-848.8841842489119,-182.89259985447876
-2970.7325881982724,-193.15503627262754
-4169.06225125774,-646.0935946898668
372.37305751784606,-16.410326783994417
659.8355420999467,327.38599930859885
142.64604246176046,450.49187119398965
237.23629970246995,-50.107126450522316
519.0367520510733,-123.24637860272371
-746.6579835059086,49.16295295922262
208.10843885216568,183.8862207359827
357.7959374143076,330.8847126642628
-1828.5915597846927,-84.29817951623228
188.44722107812066,199.02679697093402
-604.2241409543643,26.127546652221092
-328.5639609282916,283.0549299420552
-2659.97090665913,-311.53933456364064
-180.41168844170068,20.159445048711984
205.99711688113464,-80.06250034513674
-3555.9649571145883,-552.223520802567
-1610.0187160725375,49.3171790325363
2074.3154980318927,-308.95049038613774
49.13957811961541,323.6454928549783
-111.55208268657891,349.8549416564215
242.64430422373218,264.9858975279549
842.9404796441447,232.5090336511046
494.584764062571,-33.581220787610555
-457.84359202884747,164.10935601296308
-193.32159001347708,549.9866149502395
-1129.4754933481622,-247.3651818974919
-2478.7008258896617,-382.0733844792173
-267.77262060574844,-155.45489289090898
-1057.696658739389,-102.14020025088433
-24.658860159690505,75.39001003721881
173.79221083357652,315.28946664264663
154.9121967016376,110.90004386319454
1201.53753602096,66.50288227467854
-724.9407425815438,25.639319268181605
561.561427411441,11.245861691310202
-854.6297936559623,50.89132222964134
-584.556184571095,215.06889758552265
1747.6446082347127,-311.3218232074166
-520.7341760444295,67.94012289611995
237.0816395901009,-8.905394132370501
-1830.8173294305313,-189.50960096338514
-1521.0210705140514,-146.6930389546078
-785.5298191142971,289.6598866727053
180.75092638702344,132.49893951517782
1048.1061193147061,-39.36108217634438
-242.54773503727336,441.9340341143493
-539.0440125558254,32.869481256655064
-1104.1312144730512,93.99484883833085
610.1707314043088,205.70139095865042
-671.8469201769498,317.3574294016281
-1101.5004506383625,287.2513098714813
136.24785880876334,300.6146572114856
-954.3330220985968,87.54603656564292
2020.338575389119,-331.2222495594101
-2906.182702327876,-439.8676043388887
64.51398186984575,116.98557597851867
-488.82326386372006,-144.24294583955776
-445.27338306850856,-193.00797145710334
-3414.7790933538095,-504.1571483303756
-657.8098352552316,-168.92465149136953
-62.26560864899053,459.6771227355162
1136.7997587939515,161.08785703741546
2453.9731541038495,-339.9068484640823
345.6786131032658,76.05959786847774
-504.8192941680171,98.65689107981053
-61.32663096903262,609.2461856575203
-834.8697625758111,-116.6993623861461
-468.24838900113633,88.60303765359912
-150.62927040081877,431.76968433557244
-2874.044182166664,-410.3641031247893
-3780.025575789169,-607.0649844823836
1943.639085786079,-346.27709544777093
237.95132775138688,225.9842642891694
246.47619799811025,253.26954600541282
-0.1891270543173424,-155.20547562350598
-148.92251760743073,183.01225532085024
-602.1821267269194,51.38566155473038
83.34057179058834,213.5384220502002
-3292.0788482214866,-478.71700958401004
-699.3781963239762,527.6496318831595
353.7156389706791,386.9046098067094
373.93272321521596,-107.98133278988743
-1082.5095245533619,117.67231086889849
-1220.1821921383273,-147.44256069531906
2123.497864929657,-262.29145558639834
1464.6389911628373,-67.84809353163308
-526.3021948896753,-289.0750783201099
-304.3472551919225,-87.45733577895192
-2623.1330673755533,-285.24068912234867
494.0080187296844,-51.74326307336241
-3.9966946611170635,32.680263659407125
99.83572767313416,-61.67934061313415
573.8578948184426,243.9302665108541
2083.5315805835007,-373.1946717870689
334.4754000794545,-100.50997080893413
309.0718448233949,43.71403265863251
-3409.8641592546387,-582.9983226832902
605.390037375473,-87.06013289899614
-3084.6654279862423,-184.36017224278237
-167.2888868961711,128.9905419162071
135.0410715527687,233.42898986970403
900.1269804369875,58.82254724736833
-1178.7754999222664,-342.8174078747086
-7.675558812380484,-157.32409712979035
-113.75654429097506,454.464603571185
1624.831296508882,-152.17710071173858
-400.5611760547492,145.16420092850856
-3410.817454637784,-607.3549928962708
233.76381730891572,-76.15965255069918
161.5870502359474,88.65705165680949
155.16851573887973,203.97172622001614
-638.6340470057108,-56.70112129252615
1187.0622002673422,-177.79740416371422
-1460.6728063827106,-89.61684168182435
-921.109449329597,-26.561635850303244
-724.7662861622562,380.881872573171
66.99183293069154,69.61991150305401
-840.753301835401,71.49874181372952
-1812.4346112142866,-156.60955404762362
1586.728091405128,-341.65662871837895
-3332.989554290446,-566.484304814071
99.69175551750916,-117.90807738220458
1193.169537243402,53.23373712207689
144.95340687310397,196.8203897658898
-877.0742821432854,37.49770901547542
-24.45787764547248,94.7856813745764
-1362.8378913237914,-91.01519173078941
-303.43178632814767,361.58708603771646
-728.963870240517,85.28898863800923
-40.59032501083526,316.30786113555735
134.34529879822122,61.13453992649869
-2892.6517145477364,-314.53689444850465
511.2012363405309,133.48587905123662
-864.8872770540767,152.9232959336105
-667.9723478702676,479.18486320092
-447.77454466497886,255.42307813101527
-80.92099588642655,379.98239231075615
-193.6171333363485,441.66774558947
-1158.9771450337355,-3.867756313715291
-1054.6500650748014,86.21845052683628
-3323.3003012445715,-518.7315501543828
-1865.5316129378512,-150.7472321719558
2558.443279676039,-211.41162580086055
2274.0326563894746,-335.72516181507814
-608.5588078437571,401.9082670464812
2110.407363427738,-314.80798464470894
-303.19147536566885,354.7682378109225
1686.2302524815261,-358.8800114356569
384.1200034822639,-68.61530961512737
-367.2916715801601,549.5320882673365
-697.7094570327794,-46.52782976506933
673.3736707450979,51.81759157700462
1866.8690682039803,-308.88920047405423
2522.3821604892987,-209.86673459412245
2340.914119323641,-359.6590182067265
1276.4909839038485,-352.4813751112583
-3478.8453707687663,-506.09142460747006
-1235.5060934577298,-206.76406973706355
-400.25610959263395,-80.08946089089416
232.5394595511681,450.50804825078353
1819.9328289610353,-314.96683034317203
-1063.8783665903331,55.35056627884778
-634.8096112788986,-143.41346402328077
670.3189700895217,100.35916859703482
943.8536647756541,-218.5659689753988
-672.987178104204,308.9201565059936
57.929738673766536,-114.03994037578113
926.8070470234293,-97.30619196602922
2165.8413715399124,-354.23023844734536
-996.8002553361904,53.185703308521084
-247.98738240041394,321.7463194932272
-151.96272504613142,91.564809903582
3140.715697699265,-203.63754836997126
-267.7349430110891,321.37720419452955
-472.5551080863822,-1.3797151493046356
-983.0828584280833,228.12259397869616
-888.6546176054542,483.4964933426015
-4147.149833729955,-625.463494662234
-527.3938713562766,-197.2643429760801
-884.3498460697989,122.33552940099561
-182.83277184449688,372.0000463726079
-376.60952891597367,-59.49170245762426
-963.5508544118944,-61.56880703068837
2093.515433756359,-282.31381773125554
44.96342012956034,-197.9444584401855
1096.8313948386894,155.643412368844
-543.6242192383626,-128.50972563383095
-47.088180991040694,531.1670740945184
343.31176580471794,197.9155891211599
-1458.3854136017183,-60.61127922883845
-177.36656027121904,-27.999945001150696
54.22598758550626,384.59114864757004
-486.32988870909287,-33.94878069271371
1395.4801934880868,-198.78738665604644
662.3535050573507,-125.41650306810182
2128.2115004047478,-271.7534170567343
-680.9388709435547,510.1449692278859
773.7096688834049,49.16512530819445
-807.7133631530755,249.09595307482243
1880.2309236105266,-320.17919939762885
-828.4303011352298,-59.96024421158218
1064.4811092767357,1.8967645716034849
3050.7353938776077,-201.2068318607495
-737.4819415961061,60.08110307438973
962.3822252381954,-267.5513675524566
0.9632197595890327,540.74207285702
-519.4274838117572,-100.55270343257044
1418.6667819085685,-105.5114264792648
844.0820226290715,181.305624907207
-272.76854812391025,257.81326469071496
1981.7487690551948,-343.25750228113185
569.0982791018799,-179.8301522550167
713.106542928015,103.31523071698865
-188.43435313934012,37.04671268817604
-971.4409509696252,71.77955321759778
196.91616414885056,83.55947818005663
-241.87361478977522,356.05437050338367
220.28424152963268,359.09212906347756
656.6296209288151,35.06322445915522
-940.7858621095792,463.52953951031674
411.841826491632,-197.45690058353395
2525.6420697390336,-374.88391865488745
21.310730960085415,476.4236410601096
364.6121094019079,306.8802418701165
311.06869245834685,404.1081211520026
-349.0769486468802,-124.83614620020268
-533.0012857855677,-208.0511427403293
-618.9845712263083,328.94404494333867
-1486.1123376088058,-89.24413962306187
-569.8958235066558,-75.8883913308114
444.4388300791461,413.0464796266359
1873.0122760574122,-261.8721680905232
2521.3760695764227,-179.00502340641287
459.42994101244483,309.55773011655464
736.1988610342098,-219.9876354734336
700.7853420432936,322.52449345901664
-121.03538397672749,366.5688490348167
-13.352076511154804,-205.48778019429693
2235.954389943771,-318.1830971422658
-581.0398154268007,274.9199400731857
3125.186530174521,-193.0900885336684
1298.1145369565095,-7.815564936115087
2074.7346693474938,-337.0153697847009
-191.03811230040247,149.93950032866292
-523.7651625750042,109.10410302514177
-2040.9363259235288,-44.20501632469519
266.31168485007726,72.54038553645123
-237.57048967689818,115.84221035400259
-1093.6342271806743,79.57871769768505
-108.60852459497805,291.7176671653194
-429.46662392926663,-11.815126129908581
-645.246857798778,716.2362568849115
-651.769670186609,-30.754036953202696
-382.011093946911,-189.631302587589
1657.0541811003052,-318.32998820789146
871.5004668156694,-229.15163825662225
1741.3684555801126,-369.74253491893774
412.8572404386336,184.0425141827521
-157.17640594244304,545.7602520599527
1039.0972859158317,224.27673606544263
828.6913769350357,-20.163047229602874
-191.85122779117086,30.625125339521944
-78.81282741739675,84.46033307355842
898.4773416983419,-138.47711388053764
-640.2085639084733,366.50700633400913
-851.6580403423993,191.40201949399122
-2228.597122364485,-120.32622114014167
-371.7465857642344,309.1768125638119
1099.7508149639027,146.74524199965563
-738.3059876034855,262.0146420137398
-564.1879232159077,-70.58016608099561
2396.2024515706244,-123.05970875960548
-1027.016424883355,191.6905348437919
931.5439045757995,77.14948623868224
-1499.4408663900267,-192.5621246492768
-3582.132543205636,-572.1318827086099
-216.04900992647185,195.27305711495706
-752.7540470365049,184.2856449110344
-732.3898888050608,-206.39842499540427
-262.5780691766512,452.3787123249542
1583.6103558188263,-140.96634707917298
-359.80571833043314,-15.216683887086003
-801.9780917169418,-173.89636743743367
518.331659597678,223.72782983444668
2151.3972930556,-302.7129182141456
1614.1672427122476,-273.90107509166234
-453.00206989448054,62.47432452528102
-1067.6633547049441,344.9396198144996
3152.6688752198397,-212.63772898663646
-1144.6041084522794,-261.02758629708524
-888.27874471836,232.67109529311068
-434.2128493273325,157.7252198014991
160.15391398594173,-45.56188646967574
381.96354868699416,34.67898442564348
-511.44394815545456,-145.56853350387806
-1074.6479206223808,-178.08551317831817
-635.6014753951827,-77.69566812533633
-1261.5423258196267,-76.01381130238259
1939.6753791067867,-339.83893321268425
-616.8615740636264,361.7323659824411
-1064.0860605407806,356.4804956042894
161.84406890152405,-172.84286895441534
635.6425097040969,-38.682749752981145
-620.9635777604332,-31.62961801360202
1060.3016480895822,-169.38975226890193
1071.706501387444,-202.031984419861
-672.1973402141026,-146.67526379714974
761.9304325883446,-32.33603852707588
-283.0987775167771,210.40405545017398
923.7590377177113,-88.61137620152311
1669.1297639081802,-319.4656505189208
-2659.5527681545464,-566.8100507867008
-1226.6367685727537,-33.71911586989495
-450.8717605174596,214.54029225773343
-2623.337675757924,-286.9871134168185
354.78812653534584,-167.18995023781008
-1619.8252668826844,120.22667486026079
826.466403151154,-193.97377594750438
1058.1934336234804,122.51028107745002
-1139.8763113889327,402.38913740399835
-3447.5396232783896,-615.7156591947643
208.66995141148945,393.40649746478704
-199.2980137592649,529.2577513979044
-426.85946686790857,-175.5917058712053
2199.978657249411,-316.5963954463213
1272.3610528341835,-268.68814046073055
-1137.8632943694456,134.17082603651832
-1249.3483387548,55.80637258550197
669.9060382055538,-469.6384254450913
-1914.5566366149387,-21.496580243627005
-124.9634441670704,216.43218112921747
-2642.951252543773,-305.02972486340343
189.1782438643513,95.24217942908705
-2643.036546912572,-569.1610446042869
1885.3607095160623,-164.5051703825145
1753.1078420985054,-250.30083793805574
1591.5084840897694,-244.46117810116317
1380.8992715711356,-91.70667273647035
-915.037215924916,10.612255618552425
1749.202668876102,-294.92447973268025
1144.3143438112118,-269.10918010546743
1387.511508356171,13.489013324323022
-84.50913065341865,580.7299278282633
2167.714372497598,-334.76386237779445
-930.5978388858349,-6.597876547517017
-2684.2658063150902,-599.2331916466098
166.92315246420068,69.35281540422645
-1152.2821830882422,-218.29668615657337
2493.0566723072457,-221.5161741260286
-441.50726035563235,436.05048872739434
2022.183085320175,-395.1942041525294
-1045.086119817005,382.66726121841646
-2.220734499265544,7.463266401207887
282.2877812235169,297.40555955768446
-1143.050017570815,11.670281889616419
413.3833290552091,243.01705243631136
-3585.960475292903,-658.0490054218877
-1333.6560062962458,61.02483640283393
-642.2903620614582,264.59305287430095
2879.040776250238,-213.11213209934556
580.1355702034962,-252.6551298260314
1074.9220518972988,-57.818264862650885
304.724930688915,154.4594288581261
1958.6656980986033,-352.04682733935914
1420.2531935702725,-57.7132013428746
-3237.065192400721,-453.16906077776116
-426.85096376488036,-35.190982669585104
-743.0104577155472,-106.4925236032236
693.1890002719001,-4.566182477699791
703.3584046321586,-61.26009990157163
-196.4197956239595,-84.58108582250391
464.61475720625947,3.651929439229529
64.08863548747759,309.4564587836929
481.7883763645924,-11.387124880104505
278.57851275135494,-32.47748623978772
1464.8994364769899,-430.89512884398926
-683.470789278652,-648.6911301926493
-1080.0302035990692,-192.10929870343017
-435.13972611174023,94.5867269532019
1596.0400533432205,26.1921407328695
-719.691119657646,23.181243279449554
-1280.2930461770518,505.36293177198473
-112.8481354516814,171.31118744674308
2171.1403090524495,-230.9812875776654
3125.8102488475915,-193.5463607004856
-84.85881869280936,175.01943792618786
-252.06256309189092,-94.82646016624533
-105.84444198407542,400.03360836303716
-1362.7633620469614,28.783401032320114
-314.3795721766816,120.99108287577265
-231.97934079371967,62.74111656160836
-108.82971328175947,263.63149803808074
624.7981641365698,-194.38147400747627
-338.71857519087547,-142.24592531082232
875.1547608481463,-249.8981405611941
1059.3355678129415,-137.83595772103368
961.4780201208465,248.63944388446328
-759.8098525427533,44.357956304493186
1138.4022758038723,-36.88009576861624
-2620.7981225927933,-284.67093153477356
-3180.584133903308,-635.1550009375691
-606.1278143871353,328.92280307772785
1096.130696628504,296.9178933383246
-346.10644658581947,-52.70139455397499
-2635.329990496321,-292.33067518259634
206.0575163621549,147.50007429623648
1320.9750033104415,-22.147042914011482
-480.5371863580228,-119.23528248955577
-1697.8745232000676,-35.203500880600444
693.7616970865408,19.45340584309043
622.4876291577857,603.121186227871
2097.783809059908,-245.64734615904933
-606.2717766164312,-143.6778211800896
-625.3375217387772,27.4067471886976
2166.688809023365,-346.06210937332634
-429.0090945996117,743.9407906505851
355.51359294393507,498.26581752242544
1027.534103036646,70.28117135370469
-819.5508711843538,367.48817969274455
-3123.958335976899,-611.0489878642661
147.84922220472254,-111.50450679965569
2088.091094562472,-185.74593278234948
-509.5939048838741,-135.41092276334274
-353.68909897095966,9.692098375705664
-732.9954284476588,388.86109552479024
223.52941855945488,-79.37762359035251
-775.820355087065,146.5687680553771
865.9833406945327,302.0845994236947
-442.7607555522433,199.73613657992024
-966.2611100043099,395.7499619644549
-116.93597521282359,-19.6133683794486
-1.3769423229345379,-156.79205350561793
-3434.4356760741603,-600.7126456803006
-3480.553899570943,-500.8339497879693
2430.614806753412,-346.4494386584615
2454.72968812964,-354.6429007613879
-468.03310547636073,435.2745300021853
79.88851452999782,248.91319586235042
92.31531811684258,154.51956431734868
-467.6709188431221,-155.02432789765362
-709.0367110979373,782.13338113252
-864.3050018931406,252.2926323059901
-266.0924402318507,654.775806418019
-380.568030339033,441.8345569816285
-1187.443820159266,82.44743923268219
-1837.948052000037,-452.21070407651433
-24.860521159335676,-26.1497683217631
-481.9050649163946,696.0715367517058
214.29143113972023,-14.045311997244607
99.70086041877636,65.83911966824468
-202.5211427786331,430.0258685051061
-213.53936226168977,30.985696322320553
-3998.384248822294,-626.777236187084
2.8338093295662703,-2.60376825851581
814.6342754155622,183.84755562165208
-4028.854198130101,-610.597722618506
-2448.842425674686,-707.3228370739331
-388.8455695794065,-83.99916442881
585.1703473539435,36.04503961546836
-642.2615414309527,54.8057509179572
-470.5368271556944,101.67072524606543
-582.7605963192947,460.3548007478683
576.9733378032342,73.01281314958895
-136.56013269455585,278.21068622435274
-750.1221588238901,653.5516195614008
-2628.2476228028177,-291.95368604979484
-444.566561267557,15.266974799814962
-1535.4545830087775,-131.67267668631138
1784.6048971141054,-309.31974392599574
1133.6739377495942,268.8785398239331
-971.2339667222608,-187.16545503609876
-482.61965185816007,729.6535565166641
-899.71737564148,-260.1190142141799
97.93860182832063,415.5422801831558
-3613.671993291774,-583.5703908679588
-3170.872064315598,-597.1906551831369
48.728268902671715,147.84877758040201
-588.2891899093192,-350.9728644993565
-1597.0871754819536,61.45759432855616
-453.45095993279324,303.87497013495823
170.44229770316687,142.74137562532766
-206.4463898662702,520.160837838715
-729.1680320279977,-162.0096206179057
92.65644252539784,170.01104633964445
1181.6666994004966,-238.63125828668814
-1558.1878528498032,79.01934027388661
259.658483800306,163.47560266668685
641.4832044936827,100.54068781071624
545.9890888588125,-319.29042005320684
-1137.2185913945957,423.91761488295697
545.8063046101096,747.2400637095243
1140.272359958624,-281.30622258219086
-701.696869378594,83.75539749613884
1133.2957599215488,-14.90286081140958
1025.4279902776912,-24.374861307942272
-605.2193362364994,93.09833490261714
-364.10669594834206,541.6750126391207
859.8360507158646,-59.253903723951986
-586.8289351083822,30.77048345279322
-657.6276681368524,152.06590546328766
-2818.4447732216104,-326.55085831015106
2329.612202798505,-252.20532431678487
-313.49168425639226,-155.82573719574265
-2784.778758311765,-310.42626628329964
-80.77869050437727,525.4873232062052
-2405.8761305232883,-243.56127179893932
-225.63025002651645,89.33002288349252
-3309.131668884908,-511.4576415716664
2340.9544520581026,-224.62384734810743
-617.2563016851376,-151.20117125752017
-531.0189512385758,44.221281444588755
-528.6163343053381,442.2820199736473
-282.2785526024281,-135.96815455929953
919.59762017447,550.6528169807042
-6.823648936042169,15.575684348047734
1151.053913904798,-110.8859285823174
43.70352194310223,138.64728391262543
-858.3630520174802,-168.88239395968432
393.13551274985804,-55.083492274055764
1591.1163711960373,-98.11060235341766
787.8671659126562,256.7228209503302
-1780.4890380197105,-27.55281042297642
-376.6119127588207,-63.54885953484589
444.7172923401502,299.3584654009073
-651.5232333218752,-101.49053313592907
726.6030225578655,-33.304565370325435
-91.3996005678257,199.16446610068124
1981.9013422453756,-108.14501323692764
-487.60682580378693,-294.48025344854165
-212.62996491918335,457.4219888112733
1375.0583212943734,4.780577743174891
-544.3752685226215,553.7189148798982
22.681452789367547,25.12521194733365
1188.48409939215,-166.53611649968846
-31.11931800236716,119.97262426518354
-1207.0244269833972,122.98563733664871
-592.2984856409093,122.20710710953922
-2293.0331393779175,-329.62411360781385
22.907620960782133,6.033546827653408
-1058.5591526597577,-44.398024158279824
